id_detalle,id_pedido,id_producto,cantidad
1,1,24,1
2,1,1,4
3,2,11,3
4,2,10,4
5,2,21,3
6,2,18,2
7,3,20,1
8,3,5,2
9,3,21,4
10,3,11,2
11,4,11,3
12,4,4,1
13,4,6,2
14,5,6,3
15,5,25,3
16,5,24,3
17,6,24,4
18,6,1,3
19,6,3,1
20,7,21,2
21,7,6,3
22,7,5,3
23,8,30,2
24,8,24,2
25,8,1,3
26,9,3,3
27,9,30,3
28,9,10,3
29,9,4,1
30,10,9,1
31,10,1,4
32,10,20,1
33,11,29,1
34,11,9,1
35,11,6,1
36,12,20,1
37,12,31,2
38,13,28,3
39,13,60,1
40,14,22,1
41,14,15,1
42,14,21,2
43,15,40,2
44,15,49,3
45,16,10,1
46,16,32,3
47,17,16,2
48,17,6,2
49,17,45,3
50,18,9,2
51,18,44,2
52,18,2,1
53,19,47,2
54,19,59,1
55,19,20,3
56,20,35,3
57,20,62,2
58,20,60,1
59,20,56,1
60,21,12,2
61,21,36,1
62,22,49,2
63,22,44,1
64,22,4,1
65,23,28,1
66,23,46,1
67,23,34,2
68,24,2,1
69,24,25,3
70,24,11,2
71,25,31,2
72,25,61,1
73,25,63,1
74,26,29,1
75,26,52,3
76,26,32,2
77,27,61,3
78,27,45,2
79,27,55,1
80,28,59,1
81,28,35,1
82,28,40,1
83,29,41,3
84,29,16,2
85,30,25,3
86,30,28,2
87,31,37,1
88,31,13,1
89,31,25,1
90,32,39,3
91,32,2,2
92,33,36,1
93,33,6,2
94,34,17,1
95,34,63,2
96,34,14,1
97,35,62,1
98,35,57,1
99,35,44,1
100,36,15,2
101,36,9,1
102,36,52,2
103,37,20,1
104,37,39,1
105,38,54,2
106,38,29,2
107,39,57,1
108,39,39,2
109,39,55,2
110,40,13,3
111,40,27,1
112,41,11,1
113,41,21,2
114,41,31,1
115,42,1,2
116,42,53,3
117,43,61,1
118,43,38,3
119,43,5,1
120,43,30,3
121,44,10,3
122,44,30,2
123,44,34,3
124,45,55,2
125,45,15,1
126,46,35,1
127,46,19,1
128,47,40,2
129,47,37,1
130,48,39,2
131,48,52,2
132,48,35,2
133,49,11,3
134,49,6,1
135,49,56,2
136,50,4,3
137,50,12,2
138,50,30,2
139,51,35,1
140,51,6,2
141,52,57,3
142,52,36,2
143,52,24,1
144,52,56,2
145,53,53,3
146,53,43,1
147,53,42,1
148,54,53,3
149,54,64,2
150,54,37,2
151,55,59,1
152,55,12,1
153,56,15,3
154,56,52,2
155,56,1,2
156,57,7,2
157,57,25,2
158,57,47,3
159,58,7,2
160,58,27,1
161,58,35,1
162,59,63,3
163,59,16,2
164,59,4,1
165,60,40,2
166,60,2,2
167,61,29,2
168,61,15,1
169,62,64,2
170,62,38,3
171,63,54,1
172,63,62,2
173,63,61,2
174,64,50,2
175,64,25,2
176,65,9,2
177,65,36,1
178,66,35,2
179,66,1,2
180,66,37,3
181,66,39,2
182,67,58,1
183,67,62,1
184,68,49,3
185,68,59,1
186,68,42,2
187,68,25,2
188,69,53,1
189,69,6,3
190,70,49,2
191,70,50,1
192,70,20,1
193,71,43,1
194,71,13,3
195,71,57,1
196,71,59,2
197,72,10,1
198,72,61,1
199,73,51,1
200,73,11,3
201,73,43,3
202,73,49,2
203,74,5,1
204,74,9,3
205,74,31,1
206,74,37,2
207,75,13,1
208,75,57,3
209,76,4,1
210,76,6,1
211,76,42,1
212,77,56,2
213,77,19,2
214,77,32,2
215,78,22,1
216,78,23,2
217,79,31,1
218,79,64,2
219,79,19,3
220,80,59,2
221,80,33,1
222,80,2,3
223,81,21,2
224,81,10,1
225,81,57,3
226,81,45,2
227,82,59,2
228,82,39,2
229,82,26,1
230,83,49,2
231,83,46,1
232,84,3,1
233,84,51,2
234,84,36,3
235,85,64,1
236,85,37,2
237,86,29,3
238,86,25,3
239,86,33,3
240,87,13,1
241,87,6,2
242,88,47,1
243,88,17,1
244,89,54,1
245,89,23,2
246,89,26,1
247,90,35,1
248,90,22,3
249,90,33,1
250,90,62,1
251,91,10,3
252,91,19,3
253,91,29,3
254,92,47,1
255,92,12,1
256,92,51,2
257,93,59,3
258,93,48,3
259,94,49,3
260,94,48,1
261,94,14,2
262,95,42,3
263,95,29,1
264,96,39,1
265,96,53,1
266,96,15,1
267,97,64,1
268,97,15,2
269,97,13,1
270,98,59,2
271,98,48,3
272,98,54,3
273,99,54,2
274,99,13,2
275,100,36,1
276,100,5,2
277,100,48,2
278,101,47,3
279,101,13,1
280,102,46,1
281,102,8,1
282,102,51,2
283,102,36,1
284,103,3,1
285,103,7,1
286,104,27,2
287,104,9,1
288,105,28,2
289,105,30,1
290,105,43,1
291,105,19,1
292,106,33,1
293,106,23,3
294,107,17,1
295,107,2,1
296,108,42,1
297,108,3,1
298,108,23,3
299,108,34,2
300,109,15,1
301,109,9,2
302,109,61,2
303,109,58,1
304,110,29,2
305,110,6,3
306,110,39,1
307,111,62,2
308,111,52,3
309,112,63,1
310,112,57,1
311,113,19,1
312,113,9,2
313,113,17,3
314,114,42,2
315,114,49,2
316,114,38,2
317,114,59,1
318,115,28,2
319,115,56,1
320,116,44,2
321,116,59,3
322,116,52,1
323,117,55,1
324,117,41,1
325,117,33,3
326,118,9,1
327,118,12,2
328,118,11,1
329,119,17,3
330,119,8,1
331,119,43,2
332,120,55,2
333,120,7,1
334,120,37,1
335,121,28,3
336,121,20,2
337,122,14,2
338,122,45,1
339,123,36,2
340,123,29,2
341,124,4,1
342,124,35,1
343,124,24,1
344,124,40,1
345,125,52,1
346,125,9,3
347,126,12,2
348,126,28,2
349,127,44,1
350,127,21,3
351,127,48,1
352,128,11,2
353,128,7,1
354,128,20,3
355,128,21,1
356,129,57,2
357,129,55,2
358,129,63,2
359,130,28,2
360,130,15,1
361,130,45,1
362,131,63,2
363,131,40,2
364,131,6,1
365,131,29,1
366,132,39,1
367,132,28,1
368,133,42,2
369,133,16,3
370,133,1,2
371,134,17,2
372,134,49,3
373,135,46,2
374,135,10,3
375,136,56,2
376,136,3,1
377,137,55,1
378,137,52,1
379,137,54,2
380,138,42,2
381,138,22,2
382,139,12,1
383,139,56,2
384,139,14,2
385,140,11,3
386,140,51,1
387,140,40,1
388,141,22,2
389,141,10,2
390,141,15,1
391,142,45,1
392,142,19,1
393,142,31,1
394,143,23,3
395,143,20,1
396,144,64,2
397,144,60,2
398,145,42,2
399,145,41,1
400,145,20,2
401,146,39,1
402,146,36,2
403,146,8,1
404,147,60,1
405,147,58,1
406,147,5,1
407,148,12,2
408,148,50,2
409,149,6,2
410,149,58,2
411,149,25,2
412,149,42,1
413,150,58,1
414,150,14,3
415,151,23,1
416,151,6,3
417,152,57,1
418,152,21,1
419,152,47,2
420,153,44,1
421,153,7,1
422,153,43,1
423,154,50,1
424,154,37,1
425,154,33,2
426,154,20,3
427,155,45,3
428,155,40,3
429,156,17,2
430,156,11,2
431,156,40,3
432,157,17,2
433,157,12,1
434,157,55,1
435,158,40,1
436,158,24,2
437,158,28,1
438,159,18,1
439,159,20,1
440,160,5,2
441,160,44,1
442,161,49,3
443,161,20,2
444,161,21,1
445,161,24,3
446,162,6,3
447,162,53,3
448,162,47,1
449,163,37,2
450,163,58,1
451,163,30,1
452,164,25,2
453,164,48,1
454,164,57,2
455,165,54,1
456,165,21,1
457,165,26,3
458,165,18,2
459,166,14,1
460,166,16,1
461,166,37,1
462,167,19,1
463,167,56,2
464,167,12,1
465,168,54,2
466,168,7,2
467,169,31,1
468,169,50,1
469,169,11,1
470,170,13,1
471,170,43,1
472,170,19,1
473,171,18,2
474,171,61,1
475,171,58,1
476,172,33,1
477,172,28,2
478,173,55,1
479,173,15,1
480,173,37,1
481,173,31,1
482,174,59,2
483,174,9,2
484,174,15,2
485,175,31,1
486,175,19,2
487,176,46,2
488,176,31,2
489,177,11,1
490,177,47,2
491,178,3,3
492,178,50,2
493,178,61,1
494,178,6,1
495,179,46,1
496,179,9,1
497,180,43,1
498,180,18,1
499,140,34,2
500,87,55,3
501,165,34,2
502,45,3,3
503,176,13,2
504,119,25,1
505,179,58,3
506,123,22,2
507,162,9,2
508,47,28,2
509,35,49,2
510,17,61,2
511,118,25,1
512,10,35,3
513,76,34,2
514,52,64,3
515,12,18,1
516,11,50,2
517,81,6,2
518,80,41,1
