fecha_venta,categoria_producto,producto,region,tipo_cliente,unidades_vendidas,precio_unitario,monto_total
2023-03-26,Hogar,Mesa,Sur,Mayorista,12,346928,4163136
2023-01-02,Vestuario,Chaqueta,Norte,Minorista,5,16521,82605
2023-04-21,Vestuario,Polera,Centro,Mayorista,1,400189,400189
2023-08-12,Tecnologia,Smartphone,Norte,Minorista,19,401875,7635625
2023-08-05,Tecnologia,Tablet,Norte,Mayorista,3,284220,852660
2023-12-28,Hogar,Mesa,Norte,Minorista,17,74910,1273470
2023-10-27,Electrodomesticos,Lavadora,Sur,Mayorista,19,352662,6700578
2023-07-18,Deportes,Bicicleta,Centro,Minorista,19,151593,2880267
2023-10-04,Electrodomesticos,Aspiradora,Norte,Minorista,7,10524,73668
2023-08-12,Hogar,Silla,Sur,Mayorista,5,303995,1519975
2023-11-19,Vestuario,Chaqueta,Norte,Mayorista,20,270263,5405260
2023-11-28,Deportes,Raqueta,Centro,Minorista,1,216467,216467
2023-08-28,Electrodomesticos,Aspiradora,Norte,Minorista,2,49486,98972
2023-09-22,Hogar,Silla,Norte,Minorista,5,128442,642210
2023-03-08,Vestuario,Zapatillas,Sur,Mayorista,11,323114,3554254
2023-02-11,Deportes,Pesas,Norte,Mayorista,18,263411,4741398
2023-09-06,Hogar,Sofa,Norte,Minorista,6,490004,2940024
2023-03-24,Electrodomesticos,Lavadora,Centro,Minorista,17,76003,1292051
2023-02-04,Tecnologia,Notebook,Sur,Minorista,15,311788,4676820
2023-03-13,Hogar,Lampara,Norte,Mayorista,18,134941,2428938
2023-10-17,Deportes,Balon,Sur,Minorista,8,192308,1538464
2023-11-24,Electrodomesticos,Microondas,Norte,Minorista,18,30464,548352
2023-05-18,Vestuario,Zapatillas,Sur,Minorista,11,29355,322905
2023-03-22,Deportes,Bicicleta,Norte,Mayorista,5,324332,1621660
2023-11-22,Hogar,Silla,Sur,Minorista,12,444293,5331516
2023-12-01,Deportes,Pesas,Sur,Minorista,15,87018,1305270
2023-09-07,Deportes,Balon,Sur,Mayorista,1,285184,285184
2023-08-18,Tecnologia,Smartphone,Centro,Minorista,20,223646,4472920
2023-05-04,Electrodomesticos,Microondas,Norte,Minorista,19,127864,2429416
2023-08-05,Hogar,Silla,Centro,Mayorista,18,244769,4405842
2023-07-03,Tecnologia,Notebook,Sur,Mayorista,19,275265,5230035
2023-05-25,Hogar,Sofa,Centro,Mayorista,16,120950,1935200
2023-03-04,Tecnologia,Tablet,Sur,Minorista,14,188187,2634618
2023-10-14,Electrodomesticos,Lavadora,Sur,Minorista,2,454237,908474
2023-02-15,Tecnologia,Monitor,Norte,Mayorista,5,351692,1758460
2023-08-02,Electrodomesticos,Lavadora,Norte,Minorista,13,194303,2525939
2023-02-16,Tecnologia,Monitor,Centro,Minorista,11,95860,1054460
2023-07-05,Deportes,Balon,Sur,Mayorista,13,67613,878969
2023-05-01,Deportes,Bicicleta,Centro,Mayorista,18,499697,8994546
2023-12-10,Hogar,Mesa,Sur,Minorista,10,258040,2580400
2023-02-19,Vestuario,Chaqueta,Sur,Mayorista,10,371475,3714750
2023-03-17,Vestuario,Chaqueta,Sur,Minorista,17,209831,3567127
2023-11-26,Tecnologia,Smartphone,Centro,Minorista,16,310819,4973104
2023-10-03,Deportes,Raqueta,Norte,Mayorista,10,323794,3237940
2023-09-06,Tecnologia,Notebook,Sur,Mayorista,19,415724,7898756
2023-10-17,Vestuario,Polera,Norte,Minorista,10,278123,2781230
2023-08-10,Vestuario,Zapatillas,Centro,Mayorista,11,416618,4582798
2023-08-15,Vestuario,Zapatillas,Sur,Minorista,10,131011,1310110
2023-09-06,Tecnologia,Smartphone,Norte,Minorista,17,411600,6997200
2023-02-28,Electrodomesticos,Lavadora,Centro,Mayorista,8,247539,1980312
2023-06-16,Vestuario,Pantalon,Sur,Minorista,17,26125,444125
2023-06-30,Hogar,Mesa,Norte,Mayorista,11,496613,5462743
2023-02-23,Hogar,Lampara,Sur,Minorista,16,282745,4523920
2023-07-14,Vestuario,Zapatillas,Sur,Mayorista,1,438114,438114
2023-08-15,Tecnologia,Notebook,Norte,Minorista,6,475916,2855496
2023-05-21,Tecnologia,Tablet,Centro,Mayorista,17,345391,5871647
2023-01-29,Tecnologia,Monitor,Centro,Minorista,6,402425,2414550
2023-10-22,Hogar,Mesa,Sur,Mayorista,12,264098,3169176
2023-03-20,Deportes,Bicicleta,Norte,Minorista,3,177434,532302
2023-04-26,Tecnologia,Smartphone,Norte,Mayorista,18,276957,4985226
2023-08-22,Tecnologia,Monitor,Centro,Minorista,10,363007,3630070
2023-06-03,Electrodomesticos,Refrigerador,Sur,Mayorista,12,156474,1877688
2023-09-15,Tecnologia,Smartphone,Norte,Mayorista,1,16923,16923
2023-07-01,Deportes,Bicicleta,Norte,Mayorista,2,293514,587028
2023-02-13,Tecnologia,Tablet,Norte,Minorista,5,266770,1333850
2023-04-19,Vestuario,Polera,Norte,Minorista,20,159682,3193640
2023-05-06,Electrodomesticos,Microondas,Centro,Minorista,9,110717,996453
2023-10-07,Deportes,Pesas,Norte,Minorista,1,224375,224375
2023-06-15,Electrodomesticos,Microondas,Sur,Mayorista,14,235382,3295348
2023-11-27,Tecnologia,Monitor,Sur,Mayorista,9,172712,1554408
2023-03-23,Electrodomesticos,Aspiradora,Centro,Minorista,12,142173,1706076
2023-05-25,Electrodomesticos,Microondas,Norte,Mayorista,11,208441,2292851
2023-12-17,Deportes,Bicicleta,Norte,Minorista,5,152639,763195
2023-04-24,Tecnologia,Smartphone,Norte,Minorista,5,54344,271720
2023-02-16,Vestuario,Pantalon,Sur,Minorista,19,241001,4579019
2023-05-25,Deportes,Pesas,Sur,Mayorista,15,265469,3982035
2023-06-25,Electrodomesticos,Aspiradora,Centro,Mayorista,3,394830,1184490
2023-08-20,Vestuario,Chaqueta,Sur,Mayorista,19,5069,96311
2023-08-24,Deportes,Bicicleta,Norte,Minorista,11,476645,5243095
2023-06-07,Deportes,Pesas,Norte,Minorista,3,217759,653277
2023-11-15,Vestuario,Zapatillas,Sur,Mayorista,20,363691,7273820
2023-11-26,Tecnologia,Notebook,Centro,Mayorista,4,458171,1832684
2023-12-08,Electrodomesticos,Refrigerador,Centro,Mayorista,12,416426,4997112
2023-01-18,Electrodomesticos,Microondas,Norte,Mayorista,9,130268,1172412
2023-01-09,Electrodomesticos,Microondas,Sur,Mayorista,17,70593,1200081
2023-02-03,Electrodomesticos,Refrigerador,Centro,Minorista,17,314695,5349815
2023-02-11,Electrodomesticos,Microondas,Sur,Mayorista,17,403542,6860214
2023-09-23,Tecnologia,Monitor,Norte,Minorista,18,220001,3960018
2023-10-03,Deportes,Pesas,Norte,Mayorista,6,17930,107580
2023-12-23,Vestuario,Pantalon,Norte,Mayorista,13,362176,4708288
2023-04-20,Electrodomesticos,Refrigerador,Norte,Mayorista,9,407787,3670083
2023-10-31,Vestuario,Pantalon,Norte,Mayorista,3,68552,205656
2023-04-10,Vestuario,Pantalon,Centro,Mayorista,8,295690,2365520
2023-06-21,Tecnologia,Smartphone,Norte,Minorista,19,201284,3824396
2023-03-04,Deportes,Balon,Centro,Mayorista,15,439348,6590220
2023-09-11,Vestuario,Chaqueta,Centro,Minorista,17,140902,2395334
2023-08-13,Tecnologia,Notebook,Norte,Mayorista,16,225602,3609632
2023-08-30,Electrodomesticos,Refrigerador,Sur,Mayorista,20,184499,3689980
2023-12-17,Hogar,Silla,Sur,Minorista,8,20631,165048
2023-07-29,Tecnologia,Notebook,Sur,Mayorista,13,251079,3264027
2023-07-01,Deportes,Bicicleta,Sur,Mayorista,9,463529,4171761
2023-02-04,Vestuario,Zapatillas,Sur,Minorista,11,473083,5203913
2023-03-31,Deportes,Pesas,Centro,Minorista,7,225996,1581972
2023-02-25,Electrodomesticos,Aspiradora,Centro,Mayorista,10,167283,1672830
2023-10-04,Electrodomesticos,Lavadora,Norte,Minorista,18,87053,1566954
2023-03-11,Hogar,Silla,Norte,Mayorista,19,261731,4972889
2023-02-19,Tecnologia,Tablet,Sur,Minorista,1,37748,37748
2023-12-11,Vestuario,Chaqueta,Norte,Mayorista,14,378328,5296592
2023-11-17,Hogar,Mesa,Sur,Minorista,8,471301,3770408
2023-01-09,Electrodomesticos,Refrigerador,Centro,Mayorista,8,427793,3422344
2023-09-17,Deportes,Balon,Centro,Mayorista,1,327532,327532
2023-06-23,Tecnologia,Notebook,Sur,Minorista,19,75693,1438167
2023-06-05,Vestuario,Pantalon,Sur,Minorista,2,488173,976346
2023-03-18,Deportes,Balon,Centro,Minorista,17,7920,134640
2023-02-12,Deportes,Raqueta,Centro,Mayorista,20,428519,8570380
2023-01-27,Electrodomesticos,Aspiradora,Centro,Minorista,3,70683,212049
2023-03-01,Electrodomesticos,Refrigerador,Norte,Mayorista,20,461730,9234600
2023-02-21,Deportes,Bicicleta,Norte,Mayorista,19,158005,3002095
2023-07-26,Deportes,Balon,Centro,Minorista,3,341966,1025898
2023-05-30,Tecnologia,Notebook,Centro,Minorista,10,171347,1713470
2023-01-17,Deportes,Bicicleta,Sur,Minorista,4,179615,718460
2023-10-20,Deportes,Balon,Centro,Mayorista,3,466873,1400619
2023-03-28,Vestuario,Zapatillas,Norte,Mayorista,5,378207,1891035
2023-07-03,Deportes,Balon,Sur,Mayorista,11,25194,277134
2023-11-23,Hogar,Sofa,Centro,Minorista,9,17633,158697
2023-12-18,Electrodomesticos,Refrigerador,Centro,Mayorista,1,391755,391755
2023-10-06,Deportes,Bicicleta,Sur,Mayorista,8,9843,78744
2023-02-23,Electrodomesticos,Aspiradora,Sur,Mayorista,4,399841,1599364
2023-06-06,Vestuario,Polera,Sur,Mayorista,4,77547,310188
2023-04-15,Electrodomesticos,Aspiradora,Sur,Mayorista,5,309151,1545755
2023-07-14,Hogar,Silla,Norte,Mayorista,7,419302,2935114
2023-03-28,Hogar,Mesa,Centro,Mayorista,3,367558,1102674
2023-05-15,Hogar,Silla,Sur,Mayorista,4,134880,539520
2023-08-05,Electrodomesticos,Aspiradora,Sur,Minorista,18,277885,5001930
2023-09-09,Tecnologia,Tablet,Norte,Minorista,11,491895,5410845
2023-05-18,Hogar,Silla,Centro,Minorista,10,255480,2554800
2023-04-26,Hogar,Mesa,Sur,Mayorista,8,375766,3006128
2023-11-17,Vestuario,Polera,Norte,Mayorista,11,241523,2656753
2023-04-11,Electrodomesticos,Refrigerador,Sur,Mayorista,13,223230,2901990
2023-02-13,Tecnologia,Tablet,Centro,Minorista,7,134137,938959
2023-11-15,Vestuario,Pantalon,Centro,Mayorista,2,390590,781180
2023-09-08,Hogar,Silla,Norte,Minorista,3,85145,255435
2023-09-08,Tecnologia,Notebook,Sur,Minorista,11,309644,3406084
2023-03-01,Deportes,Bicicleta,Norte,Minorista,16,50398,806368
2023-01-04,Hogar,Lampara,Sur,Minorista,10,193461,1934610
2023-11-17,Electrodomesticos,Aspiradora,Sur,Mayorista,4,86549,346196
2023-03-17,Vestuario,Pantalon,Norte,Minorista,1,53824,53824
2023-04-05,Vestuario,Pantalon,Centro,Minorista,12,462552,5550624
2023-05-31,Vestuario,Pantalon,Sur,Mayorista,19,56731,1077889
2023-05-07,Deportes,Balon,Sur,Mayorista,2,287645,575290
2023-08-03,Electrodomesticos,Microondas,Centro,Mayorista,12,44821,537852
2023-04-23,Electrodomesticos,Microondas,Norte,Mayorista,9,70797,637173
2023-03-08,Hogar,Mesa,Norte,Mayorista,3,475494,1426482
2023-10-07,Hogar,Sofa,Sur,Mayorista,6,81610,489660
2023-08-26,Hogar,Lampara,Norte,Minorista,3,252276,756828
2023-07-08,Deportes,Bicicleta,Sur,Mayorista,7,372494,2607458
2023-07-22,Deportes,Pesas,Norte,Mayorista,3,413905,1241715
2023-07-24,Vestuario,Zapatillas,Norte,Mayorista,17,472684,8035628
2023-02-13,Tecnologia,Monitor,Norte,Mayorista,11,31396,345356
2023-02-25,Deportes,Bicicleta,Centro,Minorista,16,100998,1615968
2023-05-21,Hogar,Mesa,Centro,Mayorista,10,70347,703470
2023-04-01,Deportes,Raqueta,Norte,Minorista,7,447441,3132087
2023-04-08,Electrodomesticos,Microondas,Sur,Minorista,10,122789,1227890
2023-05-25,Hogar,Lampara,Centro,Mayorista,20,363014,7260280
2023-02-07,Vestuario,Chaqueta,Norte,Mayorista,11,406014,4466154
2023-09-15,Tecnologia,Notebook,Norte,Mayorista,12,377000,4524000
2023-09-20,Tecnologia,Smartphone,Centro,Mayorista,18,164723,2965014
2023-06-02,Deportes,Bicicleta,Sur,Minorista,10,98955,989550
2023-02-02,Deportes,Balon,Centro,Mayorista,17,253925,4316725
2023-07-18,Hogar,Sofa,Centro,Mayorista,17,64694,1099798
2023-11-03,Tecnologia,Monitor,Sur,Mayorista,12,419712,5036544
2023-05-11,Electrodomesticos,Aspiradora,Norte,Mayorista,3,330294,990882
2023-07-03,Tecnologia,Monitor,Norte,Minorista,6,143579,861474
2023-07-12,Vestuario,Chaqueta,Centro,Minorista,12,297095,3565140
2023-07-12,Electrodomesticos,Aspiradora,Sur,Minorista,7,305939,2141573
2023-09-16,Hogar,Silla,Centro,Minorista,4,55346,221384
2023-02-21,Hogar,Sofa,Norte,Mayorista,19,169025,3211475
2023-06-14,Deportes,Bicicleta,Norte,Minorista,5,324595,1622975
2023-06-01,Deportes,Raqueta,Centro,Minorista,8,410134,3281072
2023-11-15,Deportes,Raqueta,Norte,Minorista,19,272566,5178754
2023-03-13,Hogar,Mesa,Norte,Minorista,4,13350,53400
2023-07-10,Vestuario,Zapatillas,Centro,Mayorista,1,171914,171914
2023-02-07,Hogar,Lampara,Sur,Mayorista,13,431611,5610943
2023-09-10,Deportes,Raqueta,Norte,Minorista,14,457734,6408276
2023-03-28,Electrodomesticos,Aspiradora,Norte,Mayorista,3,231222,693666
2023-11-01,Tecnologia,Notebook,Sur,Minorista,11,424786,4672646
2023-01-19,Vestuario,Polera,Sur,Mayorista,14,258339,3616746
2023-06-09,Tecnologia,Smartphone,Sur,Minorista,19,244228,4640332
2023-03-10,Tecnologia,Notebook,Centro,Mayorista,15,28300,424500
2023-05-08,Tecnologia,Smartphone,Norte,Mayorista,11,127519,1402709
2023-03-05,Hogar,Sofa,Norte,Mayorista,19,179184,3404496
2023-08-29,Electrodomesticos,Lavadora,Centro,Mayorista,8,403497,3227976
2023-05-16,Tecnologia,Tablet,Centro,Mayorista,20,143410,2868200
2023-02-06,Electrodomesticos,Lavadora,Centro,Mayorista,16,163734,2619744
2023-07-06,Electrodomesticos,Microondas,Norte,Mayorista,11,136167,1497837
2023-12-24,Hogar,Mesa,Centro,Mayorista,12,480292,5763504
2023-03-05,Tecnologia,Tablet,Norte,Mayorista,12,456528,5478336
2023-08-16,Hogar,Silla,Centro,Mayorista,6,251858,1511148
2023-05-05,Electrodomesticos,Lavadora,Sur,Minorista,14,296175,4146450
2023-10-13,Deportes,Bicicleta,Norte,Mayorista,18,245324,4415832
2023-05-06,Vestuario,Zapatillas,Centro,Minorista,12,160099,1921188
2023-10-19,Tecnologia,Monitor,Sur,Mayorista,9,77341,696069
2023-06-28,Vestuario,Zapatillas,Centro,Mayorista,15,25666,384990
2023-12-13,Deportes,Balon,Centro,Mayorista,9,273704,2463336
2023-12-05,Vestuario,Pantalon,Sur,Mayorista,7,265935,1861545
2023-06-03,Tecnologia,Tablet,Sur,Minorista,20,253170,5063400
2023-09-07,Hogar,Lampara,Sur,Minorista,15,254856,3822840
2023-10-08,Vestuario,Pantalon,Norte,Minorista,17,195519,3323823
2023-01-25,Deportes,Bicicleta,Centro,Mayorista,12,146516,1758192
2023-12-11,Vestuario,Polera,Norte,Minorista,3,468733,1406199
2023-11-01,Tecnologia,Smartphone,Sur,Mayorista,15,304094,4561410
2023-08-03,Electrodomesticos,Aspiradora,Sur,Mayorista,1,409768,409768
2023-06-12,Deportes,Balon,Centro,Mayorista,9,135975,1223775
2023-06-26,Electrodomesticos,Microondas,Norte,Minorista,15,64510,967650
2023-07-12,Vestuario,Chaqueta,Norte,Mayorista,2,240936,481872
2023-06-06,Tecnologia,Tablet,Norte,Minorista,4,38251,153004
2023-06-15,Tecnologia,Notebook,Sur,Minorista,11,247906,2726966
2023-12-09,Vestuario,Zapatillas,Sur,Mayorista,9,243012,2187108
2023-01-16,Electrodomesticos,Lavadora,Norte,Minorista,13,57440,746720
2023-12-21,Deportes,Raqueta,Sur,Mayorista,20,146380,2927600
2023-06-19,Hogar,Mesa,Sur,Mayorista,11,476062,5236682
2023-12-06,Tecnologia,Monitor,Centro,Mayorista,7,482936,3380552
2023-01-05,Vestuario,Pantalon,Sur,Minorista,8,420134,3361072
2023-06-03,Tecnologia,Smartphone,Sur,Minorista,17,210693,3581781
2023-06-04,Deportes,Raqueta,Norte,Mayorista,16,354707,5675312
2023-09-13,Electrodomesticos,Refrigerador,Sur,Mayorista,1,161978,161978
2023-05-23,Vestuario,Chaqueta,Norte,Mayorista,9,168753,1518777
2023-06-01,Electrodomesticos,Lavadora,Sur,Mayorista,10,278804,2788040
2023-01-25,Tecnologia,Tablet,Centro,Minorista,6,108520,651120
2023-10-06,Deportes,Pesas,Sur,Mayorista,14,125993,1763902
2023-03-21,Electrodomesticos,Aspiradora,Sur,Mayorista,17,123245,2095165
2023-06-25,Tecnologia,Monitor,Norte,Minorista,20,384057,7681140
2023-08-31,Deportes,Bicicleta,Norte,Mayorista,18,302890,5452020
2023-07-11,Deportes,Bicicleta,Norte,Minorista,14,233543,3269602
2023-09-24,Vestuario,Polera,Norte,Mayorista,13,391009,5083117
2023-12-21,Tecnologia,Notebook,Norte,Mayorista,2,299189,598378
2023-11-26,Hogar,Lampara,Norte,Minorista,18,311248,5602464
2023-07-12,Vestuario,Chaqueta,Sur,Mayorista,7,7422,51954
2023-06-04,Hogar,Mesa,Sur,Mayorista,3,22677,68031
2023-05-14,Deportes,Bicicleta,Norte,Mayorista,16,26521,424336
2023-02-19,Electrodomesticos,Aspiradora,Centro,Mayorista,15,482615,7239225
2023-07-27,Hogar,Mesa,Sur,Mayorista,4,158779,635116
2023-11-07,Tecnologia,Smartphone,Norte,Minorista,19,142754,2712326
2023-11-01,Electrodomesticos,Refrigerador,Norte,Mayorista,18,405083,7291494
2023-07-29,Electrodomesticos,Microondas,Norte,Mayorista,13,68106,885378
2023-07-30,Tecnologia,Tablet,Norte,Minorista,9,408034,3672306
2023-09-14,Tecnologia,Tablet,Norte,Mayorista,5,393243,1966215
2023-08-27,Tecnologia,Monitor,Norte,Mayorista,13,283738,3688594
2023-05-04,Electrodomesticos,Refrigerador,Centro,Minorista,2,180028,360056
2023-12-08,Deportes,Raqueta,Sur,Mayorista,1,172425,172425
2023-01-20,Vestuario,Polera,Centro,Mayorista,14,98533,1379462
2023-12-03,Electrodomesticos,Aspiradora,Norte,Mayorista,20,160899,3217980
2023-06-24,Electrodomesticos,Aspiradora,Sur,Mayorista,7,68983,482881
2023-01-29,Tecnologia,Smartphone,Norte,Mayorista,1,492749,492749
2023-04-21,Tecnologia,Notebook,Centro,Mayorista,7,16607,116249
2023-02-09,Hogar,Lampara,Norte,Mayorista,8,301959,2415672
2023-06-28,Hogar,Mesa,Sur,Mayorista,4,481141,1924564
2023-03-31,Vestuario,Zapatillas,Centro,Mayorista,8,280225,2241800
2023-03-31,Vestuario,Pantalon,Sur,Mayorista,8,26581,212648
2023-11-15,Tecnologia,Monitor,Sur,Mayorista,17,266930,4537810
2023-04-01,Deportes,Pesas,Sur,Minorista,13,43363,563719
2023-08-01,Hogar,Lampara,Sur,Minorista,13,267121,3472573
2023-06-13,Electrodomesticos,Aspiradora,Norte,Mayorista,16,83999,1343984
2023-03-08,Vestuario,Chaqueta,Centro,Minorista,7,429609,3007263
2023-03-04,Hogar,Sofa,Centro,Mayorista,13,68865,895245
2023-05-14,Tecnologia,Tablet,Sur,Minorista,13,480636,6248268
2023-09-23,Electrodomesticos,Microondas,Sur,Mayorista,13,402857,5237141
2023-02-06,Deportes,Pesas,Sur,Mayorista,12,496519,5958228
2023-01-04,Deportes,Pesas,Centro,Minorista,16,374678,5994848
2023-10-18,Electrodomesticos,Refrigerador,Centro,Mayorista,7,134692,942844
2023-04-08,Tecnologia,Notebook,Norte,Mayorista,3,141899,425697
2023-04-17,Hogar,Lampara,Centro,Mayorista,1,485252,485252
2023-08-28,Tecnologia,Monitor,Sur,Mayorista,6,280586,1683516
2023-12-19,Tecnologia,Tablet,Centro,Minorista,8,180376,1443008
2023-01-25,Electrodomesticos,Microondas,Centro,Mayorista,10,493765,4937650
2023-04-04,Tecnologia,Smartphone,Centro,Mayorista,20,347440,6948800
2023-04-16,Hogar,Lampara,Sur,Minorista,13,18815,244595
2023-01-06,Hogar,Lampara,Norte,Minorista,20,471217,9424340
2023-04-17,Deportes,Raqueta,Norte,Mayorista,18,342211,6159798
2023-11-12,Electrodomesticos,Refrigerador,Norte,Minorista,13,426733,5547529
2023-03-31,Electrodomesticos,Microondas,Centro,Mayorista,5,78502,392510
2023-11-05,Vestuario,Pantalon,Centro,Mayorista,17,495149,8417533
2023-01-14,Tecnologia,Monitor,Norte,Minorista,5,48210,241050
2023-09-21,Hogar,Lampara,Sur,Minorista,15,304386,4565790
2023-05-16,Hogar,Sofa,Centro,Mayorista,6,42117,252702
2023-01-04,Hogar,Mesa,Norte,Mayorista,17,14738,250546
2023-06-03,Electrodomesticos,Aspiradora,Centro,Mayorista,6,257612,1545672
2023-01-22,Hogar,Lampara,Sur,Minorista,18,372808,6710544
2023-12-01,Hogar,Sofa,Norte,Mayorista,18,55462,998316
2023-01-06,Electrodomesticos,Refrigerador,Sur,Minorista,11,136282,1499102
2023-11-18,Hogar,Silla,Sur,Mayorista,11,52820,581020
2023-06-05,Electrodomesticos,Lavadora,Sur,Minorista,13,34426,447538
2023-06-24,Hogar,Silla,Sur,Minorista,14,243178,3404492
2023-04-24,Vestuario,Zapatillas,Norte,Mayorista,18,46609,838962
2023-09-26,Vestuario,Pantalon,Sur,Minorista,18,333959,6011262
2023-08-14,Deportes,Balon,Norte,Mayorista,8,410714,3285712
2023-08-19,Hogar,Sofa,Centro,Mayorista,8,397604,3180832
2023-01-20,Hogar,Sofa,Sur,Minorista,6,276300,1657800
2023-06-15,Deportes,Balon,Sur,Minorista,2,411963,823926
2023-09-12,Vestuario,Polera,Centro,Minorista,8,52322,418576
2023-12-22,Tecnologia,Monitor,Sur,Mayorista,18,383493,6902874
2023-03-09,Deportes,Balon,Sur,Minorista,8,439156,3513248
2023-06-17,Electrodomesticos,Microondas,Norte,Minorista,2,247987,495974
2023-08-26,Hogar,Silla,Norte,Mayorista,4,286564,1146256
2023-02-11,Hogar,Silla,Norte,Mayorista,17,91793,1560481
2023-04-13,Vestuario,Zapatillas,Centro,Mayorista,20,340246,6804920
2023-11-01,Vestuario,Chaqueta,Norte,Minorista,6,122601,735606
2023-07-14,Hogar,Silla,Norte,Mayorista,7,412714,2888998
2023-12-30,Electrodomesticos,Aspiradora,Sur,Mayorista,1,26578,26578
2023-07-26,Hogar,Sofa,Norte,Mayorista,9,223324,2009916
2023-02-06,Deportes,Bicicleta,Centro,Minorista,2,102365,204730
2023-08-08,Hogar,Lampara,Sur,Minorista,5,35356,176780
2023-08-17,Deportes,Pesas,Centro,Mayorista,11,379858,4178438
2023-04-01,Tecnologia,Tablet,Sur,Minorista,14,88469,1238566
2023-01-03,Deportes,Raqueta,Sur,Minorista,16,433754,6940064
2023-05-20,Hogar,Silla,Centro,Minorista,16,484487,7751792
2023-06-24,Tecnologia,Smartphone,Sur,Minorista,14,280059,3920826
2023-05-25,Vestuario,Zapatillas,Norte,Mayorista,9,13258,119322
2023-04-15,Vestuario,Zapatillas,Centro,Mayorista,7,119825,838775
2023-12-16,Deportes,Balon,Centro,Mayorista,6,162384,974304
2023-07-05,Vestuario,Pantalon,Norte,Mayorista,15,25389,380835
2023-12-06,Deportes,Pesas,Norte,Mayorista,4,315029,1260116
2023-07-21,Tecnologia,Monitor,Centro,Minorista,16,146716,2347456
2023-08-02,Deportes,Balon,Centro,Mayorista,3,45382,136146
2023-01-21,Deportes,Pesas,Sur,Minorista,3,123970,371910
2023-01-12,Vestuario,Polera,Sur,Minorista,16,416980,6671680
2023-08-07,Hogar,Mesa,Sur,Minorista,4,194292,777168
2023-03-21,Hogar,Mesa,Centro,Minorista,2,159058,318116
2023-09-09,Tecnologia,Smartphone,Centro,Mayorista,4,65597,262388
2023-03-31,Deportes,Bicicleta,Centro,Minorista,15,438046,6570690
2023-08-09,Hogar,Lampara,Sur,Mayorista,7,210592,1474144
2023-01-26,Hogar,Lampara,Norte,Minorista,15,474672,7120080
2023-12-04,Tecnologia,Smartphone,Centro,Minorista,15,355547,5333205
2023-03-10,Hogar,Mesa,Sur,Minorista,2,81356,162712
2023-11-23,Electrodomesticos,Lavadora,Centro,Mayorista,13,478527,6220851
2023-07-20,Vestuario,Chaqueta,Centro,Mayorista,12,46149,553788
2023-02-27,Vestuario,Zapatillas,Centro,Minorista,20,485598,9711960
2023-11-02,Tecnologia,Tablet,Sur,Minorista,1,285127,285127
2023-01-11,Electrodomesticos,Microondas,Centro,Minorista,12,136431,1637172
2023-07-01,Electrodomesticos,Lavadora,Sur,Minorista,18,491093,8839674
2023-04-23,Tecnologia,Tablet,Norte,Minorista,6,365721,2194326
2023-11-30,Tecnologia,Monitor,Sur,Mayorista,9,403103,3627927
2023-11-20,Electrodomesticos,Aspiradora,Sur,Mayorista,19,440374,8367106
2023-10-26,Vestuario,Polera,Centro,Minorista,15,283934,4259010
2023-01-02,Tecnologia,Smartphone,Centro,Minorista,15,221728,3325920
2023-05-14,Electrodomesticos,Lavadora,Norte,Minorista,2,49721,99442
2023-12-13,Vestuario,Pantalon,Centro,Minorista,8,287031,2296248
2023-10-22,Electrodomesticos,Aspiradora,Sur,Minorista,8,462227,3697816
2023-12-01,Hogar,Sofa,Centro,Minorista,3,421768,1265304
2023-11-24,Electrodomesticos,Aspiradora,Norte,Minorista,19,256334,4870346
2023-02-17,Tecnologia,Smartphone,Centro,Mayorista,10,332360,3323600
2023-04-13,Deportes,Bicicleta,Centro,Mayorista,2,174273,348546
2023-08-15,Hogar,Lampara,Norte,Minorista,10,160623,1606230
2023-05-07,Deportes,Raqueta,Centro,Mayorista,6,77241,463446
2023-09-16,Deportes,Raqueta,Sur,Mayorista,10,384437,3844370
2023-04-19,Vestuario,Zapatillas,Norte,Mayorista,8,181069,1448552
2023-08-31,Electrodomesticos,Microondas,Sur,Minorista,19,161317,3065023
2023-03-26,Hogar,Silla,Sur,Minorista,13,303767,3948971
2023-09-18,Vestuario,Pantalon,Centro,Mayorista,9,227060,2043540
2023-03-25,Tecnologia,Tablet,Norte,Minorista,20,237204,4744080
2023-08-29,Electrodomesticos,Microondas,Sur,Mayorista,14,113250,1585500
2023-02-16,Vestuario,Pantalon,Centro,Minorista,4,457746,1830984
2023-01-07,Vestuario,Zapatillas,Sur,Mayorista,17,41394,703698
2023-02-21,Hogar,Lampara,Norte,Mayorista,2,228253,456506
2023-11-27,Deportes,Raqueta,Sur,Mayorista,9,291676,2625084
2023-06-30,Hogar,Mesa,Sur,Minorista,17,333062,5662054
2023-06-08,Vestuario,Polera,Sur,Minorista,4,209426,837704
2023-12-12,Deportes,Raqueta,Sur,Minorista,6,37485,224910
2023-03-27,Tecnologia,Tablet,Sur,Mayorista,12,448508,5382096
2023-12-13,Electrodomesticos,Aspiradora,Norte,Minorista,17,476580,8101860
2023-12-30,Tecnologia,Monitor,Centro,Mayorista,5,433748,2168740
2023-08-05,Electrodomesticos,Microondas,Sur,Mayorista,16,359905,5758480
2023-04-20,Deportes,Bicicleta,Norte,Mayorista,2,455347,910694
2023-01-07,Vestuario,Polera,Centro,Minorista,5,15473,77365
2023-05-07,Deportes,Bicicleta,Sur,Mayorista,10,174422,1744220
2023-10-18,Deportes,Raqueta,Norte,Minorista,3,195926,587778
2023-01-02,Hogar,Sofa,Centro,Mayorista,6,405281,2431686
2023-06-25,Electrodomesticos,Refrigerador,Norte,Mayorista,3,174448,523344
2023-02-15,Vestuario,Chaqueta,Sur,Mayorista,15,393580,5903700
2023-06-28,Vestuario,Chaqueta,Norte,Minorista,9,349511,3145599
2023-08-16,Tecnologia,Smartphone,Centro,Minorista,20,495637,9912740
2023-07-20,Vestuario,Pantalon,Centro,Minorista,6,242213,1453278
2023-09-09,Deportes,Raqueta,Norte,Minorista,6,234414,1406484
2023-01-02,Deportes,Pesas,Sur,Minorista,11,499699,5496689
2023-08-05,Hogar,Sofa,Centro,Minorista,5,96703,483515
2023-04-06,Tecnologia,Monitor,Norte,Mayorista,19,311330,5915270
2023-11-26,Tecnologia,Monitor,Norte,Mayorista,18,12815,230670
2023-03-22,Tecnologia,Smartphone,Sur,Mayorista,12,54927,659124
2023-11-15,Tecnologia,Notebook,Norte,Mayorista,10,211986,2119860
2023-01-25,Tecnologia,Monitor,Sur,Mayorista,11,472628,5198908
2023-08-18,Vestuario,Pantalon,Norte,Minorista,17,137410,2335970
2023-12-27,Electrodomesticos,Aspiradora,Centro,Minorista,20,75089,1501780
2023-08-22,Deportes,Balon,Sur,Minorista,3,473632,1420896
2023-11-09,Tecnologia,Tablet,Norte,Minorista,4,324320,1297280
2023-06-08,Hogar,Mesa,Centro,Minorista,9,117284,1055556
2023-07-07,Electrodomesticos,Aspiradora,Centro,Minorista,10,457913,4579130
2023-07-17,Deportes,Bicicleta,Sur,Mayorista,19,440604,8371476
2023-05-30,Hogar,Mesa,Norte,Minorista,2,471163,942326
2023-09-11,Electrodomesticos,Refrigerador,Sur,Minorista,4,317200,1268800
2023-05-27,Electrodomesticos,Aspiradora,Norte,Mayorista,17,184986,3144762
2023-05-08,Vestuario,Polera,Sur,Mayorista,7,315344,2207408
2023-12-25,Deportes,Raqueta,Centro,Minorista,9,132998,1196982
2023-07-17,Electrodomesticos,Microondas,Sur,Mayorista,19,448379,8519201
2023-05-31,Deportes,Pesas,Centro,Minorista,5,143619,718095
2023-09-06,Electrodomesticos,Refrigerador,Norte,Mayorista,8,293543,2348344
2023-04-29,Vestuario,Polera,Centro,Minorista,4,122693,490772
2023-11-15,Vestuario,Polera,Sur,Minorista,10,198719,1987190
2023-01-21,Hogar,Lampara,Norte,Mayorista,20,94751,1895020
2023-07-05,Hogar,Lampara,Centro,Mayorista,19,147558,2803602
2023-12-08,Electrodomesticos,Refrigerador,Centro,Minorista,8,381295,3050360
2023-03-25,Electrodomesticos,Refrigerador,Centro,Minorista,6,146267,877602
2023-01-13,Electrodomesticos,Aspiradora,Sur,Mayorista,20,199429,3988580
2023-11-11,Electrodomesticos,Microondas,Centro,Mayorista,8,477076,3816608
2023-03-19,Electrodomesticos,Lavadora,Centro,Minorista,15,447335,6710025
2023-02-13,Deportes,Pesas,Sur,Minorista,17,188660,3207220
2023-01-31,Deportes,Pesas,Norte,Minorista,11,458487,5043357
2023-05-18,Tecnologia,Monitor,Centro,Minorista,11,421127,4632397
2023-01-03,Deportes,Bicicleta,Sur,Mayorista,4,449355,1797420
2023-04-11,Tecnologia,Monitor,Norte,Minorista,20,80027,1600540
2023-12-09,Tecnologia,Notebook,Centro,Minorista,8,396405,3171240
2023-05-18,Vestuario,Zapatillas,Sur,Minorista,14,328840,4603760
2023-06-06,Electrodomesticos,Lavadora,Centro,Minorista,11,485347,5338817
2023-07-30,Vestuario,Chaqueta,Norte,Minorista,2,337859,675718
2023-09-16,Deportes,Pesas,Norte,Minorista,16,491015,7856240
2023-08-24,Vestuario,Polera,Norte,Minorista,3,208441,625323
2023-09-12,Hogar,Lampara,Centro,Mayorista,18,12707,228726
2023-03-06,Tecnologia,Smartphone,Sur,Mayorista,17,108319,1841423
2023-01-19,Electrodomesticos,Refrigerador,Sur,Minorista,6,5958,35748
2023-03-10,Vestuario,Zapatillas,Norte,Mayorista,5,273284,1366420
2023-02-25,Hogar,Lampara,Centro,Mayorista,6,436389,2618334
2023-04-24,Hogar,Mesa,Centro,Mayorista,17,323671,5502407
2023-06-12,Vestuario,Polera,Norte,Minorista,16,370517,5928272
2023-10-10,Tecnologia,Tablet,Norte,Mayorista,18,339660,6113880
2023-10-07,Vestuario,Chaqueta,Norte,Minorista,13,400889,5211557
2023-05-05,Hogar,Lampara,Centro,Minorista,8,141260,1130080
2023-01-10,Deportes,Balon,Centro,Minorista,3,64025,192075
2023-06-02,Vestuario,Polera,Sur,Mayorista,11,360220,3962420
2023-09-17,Deportes,Balon,Centro,Minorista,6,369836,2219016
2023-11-10,Tecnologia,Tablet,Norte,Mayorista,7,117838,824866
2023-08-23,Electrodomesticos,Lavadora,Sur,Mayorista,12,46855,562260
2023-11-02,Hogar,Mesa,Sur,Minorista,4,138230,552920
2023-09-12,Hogar,Silla,Norte,Minorista,17,280248,4764216
2023-08-20,Deportes,Balon,Norte,Mayorista,2,332945,665890
2023-08-30,Hogar,Silla,Norte,Mayorista,17,8695,147815
2023-03-02,Tecnologia,Notebook,Sur,Mayorista,13,72061,936793
2023-10-22,Vestuario,Pantalon,Centro,Mayorista,9,97748,879732
2023-09-06,Deportes,Bicicleta,Norte,Mayorista,4,191507,766028
2023-02-11,Tecnologia,Notebook,Norte,Minorista,3,144849,434547
2023-04-04,Deportes,Raqueta,Centro,Mayorista,15,263986,3959790
2023-05-01,Hogar,Mesa,Sur,Mayorista,8,308256,2466048
2023-08-21,Electrodomesticos,Lavadora,Centro,Minorista,10,307563,3075630
2023-02-01,Deportes,Pesas,Centro,Minorista,8,427969,3423752
2023-12-15,Deportes,Pesas,Norte,Minorista,11,316887,3485757
2023-12-08,Electrodomesticos,Refrigerador,Norte,Mayorista,16,388461,6215376
2023-11-27,Vestuario,Polera,Sur,Mayorista,5,273274,1366370
2023-09-21,Vestuario,Chaqueta,Sur,Mayorista,5,444393,2221965
2023-12-10,Tecnologia,Monitor,Centro,Minorista,10,104581,1045810
2023-09-17,Vestuario,Pantalon,Sur,Mayorista,3,63043,189129
2023-05-29,Tecnologia,Tablet,Sur,Mayorista,20,430845,8616900
2023-02-12,Hogar,Sofa,Centro,Mayorista,8,175337,1402696
2023-07-18,Hogar,Mesa,Centro,Mayorista,10,214421,2144210
2023-04-17,Hogar,Sofa,Sur,Mayorista,9,120835,1087515
2023-08-19,Electrodomesticos,Refrigerador,Centro,Mayorista,3,484277,1452831
2023-08-03,Hogar,Mesa,Norte,Minorista,19,319675,6073825
2023-02-08,Deportes,Balon,Norte,Mayorista,11,427068,4697748
2023-05-10,Tecnologia,Smartphone,Norte,Minorista,7,405810,2840670
2023-06-26,Vestuario,Zapatillas,Sur,Mayorista,15,153526,2302890
2023-02-15,Tecnologia,Tablet,Centro,Minorista,13,41669,541697
2023-09-13,Vestuario,Polera,Norte,Mayorista,4,136834,547336
2023-05-04,Deportes,Balon,Norte,Mayorista,13,252043,3276559
2023-02-14,Electrodomesticos,Aspiradora,Centro,Minorista,16,474707,7595312
2023-07-29,Electrodomesticos,Microondas,Centro,Minorista,12,406128,4873536
2023-08-28,Tecnologia,Tablet,Sur,Minorista,8,194511,1556088
2023-08-14,Electrodomesticos,Aspiradora,Sur,Minorista,4,320607,1282428
2023-05-14,Tecnologia,Monitor,Sur,Mayorista,19,322258,6122902
2023-11-05,Vestuario,Polera,Centro,Minorista,20,213837,4276740
2023-11-04,Electrodomesticos,Aspiradora,Centro,Minorista,16,353132,5650112
2023-05-14,Hogar,Silla,Norte,Mayorista,5,182464,912320
2023-01-31,Hogar,Silla,Sur,Minorista,1,87657,87657
2023-08-05,Hogar,Sofa,Sur,Mayorista,14,384112,5377568
2023-07-22,Deportes,Balon,Norte,Mayorista,18,346601,6238818
2023-02-26,Vestuario,Chaqueta,Norte,Mayorista,9,22851,205659
2023-05-07,Tecnologia,Tablet,Sur,Minorista,12,371598,4459176
2023-01-27,Hogar,Sofa,Centro,Minorista,9,391577,3524193
2023-01-12,Hogar,Sofa,Sur,Minorista,8,123467,987736
2023-07-25,Tecnologia,Smartphone,Centro,Minorista,11,150543,1655973
2023-02-17,Electrodomesticos,Aspiradora,Norte,Mayorista,1,40874,40874
2023-02-07,Electrodomesticos,Lavadora,Norte,Minorista,13,8982,116766
2023-09-10,Vestuario,Chaqueta,Sur,Minorista,2,67749,135498
2023-04-07,Tecnologia,Smartphone,Centro,Minorista,3,29093,87279
2023-02-26,Vestuario,Polera,Sur,Minorista,12,380027,4560324
2023-03-11,Hogar,Mesa,Centro,Minorista,19,102210,1941990
2023-07-25,Tecnologia,Notebook,Sur,Minorista,2,212655,425310
2023-12-19,Vestuario,Chaqueta,Norte,Mayorista,20,90240,1804800
2023-01-04,Vestuario,Polera,Norte,Minorista,9,89406,804654
2023-09-19,Electrodomesticos,Refrigerador,Centro,Mayorista,2,19315,38630
2023-09-03,Vestuario,Polera,Centro,Mayorista,16,296168,4738688
2023-02-21,Electrodomesticos,Refrigerador,Sur,Mayorista,9,65265,587385
2023-11-05,Electrodomesticos,Refrigerador,Norte,Minorista,13,426942,5550246
2023-03-08,Hogar,Mesa,Centro,Mayorista,17,359129,6105193
2023-04-06,Deportes,Balon,Sur,Mayorista,3,203509,610527
2023-02-08,Electrodomesticos,Aspiradora,Centro,Minorista,17,33270,565590
2023-05-20,Tecnologia,Monitor,Sur,Mayorista,8,11041,88328
2023-11-10,Hogar,Sofa,Centro,Minorista,9,292564,2633076
2023-03-24,Electrodomesticos,Microondas,Sur,Mayorista,5,263509,1317545
2023-02-01,Electrodomesticos,Aspiradora,Centro,Minorista,1,393728,393728
2023-01-16,Hogar,Mesa,Centro,Minorista,11,169798,1867778
2023-05-19,Electrodomesticos,Aspiradora,Centro,Minorista,20,151532,3030640
2023-07-22,Electrodomesticos,Aspiradora,Centro,Mayorista,1,309977,309977
2023-07-25,Electrodomesticos,Aspiradora,Centro,Mayorista,14,146256,2047584
2023-11-05,Electrodomesticos,Microondas,Norte,Minorista,9,241981,2177829
2023-10-17,Deportes,Raqueta,Sur,Mayorista,1,383469,383469
2023-09-04,Electrodomesticos,Refrigerador,Sur,Mayorista,1,200136,200136
2023-10-22,Hogar,Silla,Sur,Minorista,13,22839,296907
2023-01-19,Vestuario,Zapatillas,Norte,Minorista,2,49591,99182
2023-08-24,Tecnologia,Tablet,Norte,Minorista,12,432326,5187912
2023-01-24,Vestuario,Polera,Sur,Mayorista,9,437474,3937266
2023-02-01,Electrodomesticos,Aspiradora,Centro,Minorista,2,404759,809518
2023-02-10,Tecnologia,Notebook,Norte,Mayorista,4,437646,1750584
2023-03-21,Vestuario,Pantalon,Centro,Minorista,20,273195,5463900
2023-04-17,Deportes,Pesas,Norte,Minorista,3,51448,154344
2023-03-05,Vestuario,Chaqueta,Sur,Mayorista,6,433382,2600292
2023-08-04,Vestuario,Pantalon,Norte,Minorista,9,37116,334044
2023-08-11,Electrodomesticos,Aspiradora,Norte,Minorista,13,452003,5876039
2023-03-30,Hogar,Sofa,Sur,Mayorista,2,132068,264136
2023-03-28,Hogar,Silla,Sur,Minorista,11,296615,3262765
2023-06-05,Deportes,Raqueta,Sur,Mayorista,4,96638,386552
2023-09-03,Electrodomesticos,Lavadora,Sur,Mayorista,15,310169,4652535
2023-02-08,Electrodomesticos,Refrigerador,Norte,Mayorista,13,487670,6339710
2023-04-03,Tecnologia,Tablet,Centro,Minorista,13,77053,1001689
2023-04-13,Deportes,Raqueta,Centro,Mayorista,19,39723,754737
2023-09-01,Deportes,Raqueta,Sur,Mayorista,5,126327,631635
2023-05-18,Deportes,Bicicleta,Sur,Minorista,12,111157,1333884
2023-12-26,Deportes,Pesas,Norte,Mayorista,17,278835,4740195
2023-09-29,Tecnologia,Monitor,Centro,Minorista,12,19693,236316
2023-08-16,Deportes,Balon,Centro,Mayorista,20,308200,6164000
2023-10-20,Hogar,Sofa,Norte,Mayorista,18,125263,2254734
2023-09-07,Deportes,Raqueta,Centro,Minorista,19,88710,1685490
2023-05-09,Tecnologia,Smartphone,Centro,Mayorista,3,214640,643920
2023-04-06,Hogar,Mesa,Norte,Mayorista,4,427208,1708832
2023-06-28,Hogar,Silla,Norte,Minorista,4,25115,100460
2023-08-05,Deportes,Pesas,Norte,Mayorista,8,198351,1586808
2023-06-03,Deportes,Bicicleta,Norte,Minorista,12,250282,3003384
2023-06-08,Deportes,Pesas,Norte,Minorista,6,85578,513468
2023-01-12,Tecnologia,Notebook,Centro,Mayorista,20,111367,2227340
2023-06-26,Tecnologia,Tablet,Sur,Mayorista,16,446155,7138480
2023-02-03,Hogar,Sofa,Centro,Minorista,3,167416,502248
2023-05-04,Vestuario,Zapatillas,Sur,Mayorista,4,135323,541292
2023-03-19,Vestuario,Chaqueta,Sur,Minorista,12,225599,2707188
2023-03-02,Electrodomesticos,Refrigerador,Centro,Minorista,19,295200,5608800
2023-11-13,Electrodomesticos,Refrigerador,Centro,Mayorista,13,160655,2088515
2023-04-17,Electrodomesticos,Lavadora,Sur,Minorista,6,377012,2262072
2023-02-04,Tecnologia,Monitor,Centro,Mayorista,15,43426,651390
2023-06-18,Tecnologia,Notebook,Centro,Mayorista,7,458322,3208254
2023-10-08,Tecnologia,Tablet,Centro,Minorista,5,97302,486510
2023-12-22,Deportes,Raqueta,Centro,Mayorista,17,58264,990488
2023-07-19,Hogar,Sofa,Norte,Minorista,16,20556,328896
2023-05-14,Hogar,Lampara,Norte,Mayorista,11,486199,5348189
2023-02-14,Tecnologia,Notebook,Norte,Minorista,9,233556,2102004
2023-11-10,Electrodomesticos,Aspiradora,Norte,Minorista,1,294399,294399
2023-02-08,Vestuario,Pantalon,Sur,Minorista,2,415425,830850
2023-04-13,Vestuario,Zapatillas,Norte,Minorista,12,48264,579168
2023-06-20,Tecnologia,Smartphone,Norte,Minorista,17,151631,2577727
2023-11-30,Deportes,Bicicleta,Norte,Minorista,1,66771,66771
2023-04-28,Deportes,Balon,Centro,Mayorista,13,292059,3796767
2023-02-15,Vestuario,Pantalon,Sur,Minorista,20,185824,3716480
2023-04-26,Tecnologia,Notebook,Norte,Mayorista,19,347592,6604248
2023-11-26,Deportes,Raqueta,Norte,Mayorista,16,269580,4313280
2023-03-15,Vestuario,Pantalon,Norte,Mayorista,8,489248,3913984
2023-06-20,Hogar,Silla,Norte,Mayorista,3,14940,44820
2023-12-21,Deportes,Bicicleta,Centro,Minorista,10,385906,3859060
2023-10-17,Vestuario,Zapatillas,Centro,Mayorista,2,482341,964682
2023-05-20,Hogar,Sofa,Sur,Mayorista,14,166581,2332134
2023-01-30,Vestuario,Zapatillas,Sur,Minorista,15,146054,2190810
2023-05-03,Electrodomesticos,Refrigerador,Norte,Mayorista,13,185032,2405416
2023-02-23,Electrodomesticos,Microondas,Norte,Minorista,20,23837,476740
2023-08-13,Vestuario,Chaqueta,Centro,Mayorista,1,240518,240518
2023-03-18,Vestuario,Polera,Centro,Mayorista,14,293970,4115580
2023-02-20,Electrodomesticos,Refrigerador,Centro,Minorista,4,272627,1090508
2023-10-14,Vestuario,Pantalon,Sur,Minorista,7,315301,2207107
2023-03-11,Hogar,Sofa,Centro,Mayorista,7,425647,2979529
2023-01-19,Tecnologia,Monitor,Centro,Mayorista,2,271196,542392
2023-08-01,Vestuario,Polera,Centro,Mayorista,6,178354,1070124
2023-09-09,Deportes,Raqueta,Sur,Minorista,10,316264,3162640
2023-09-24,Hogar,Sofa,Sur,Minorista,4,461053,1844212
2023-09-23,Hogar,Mesa,Norte,Mayorista,7,229202,1604414
2023-03-14,Tecnologia,Monitor,Norte,Minorista,19,143840,2732960
2023-08-08,Hogar,Silla,Centro,Mayorista,9,69371,624339
2023-12-08,Electrodomesticos,Microondas,Norte,Mayorista,14,347839,4869746
2023-05-18,Tecnologia,Tablet,Norte,Mayorista,18,177676,3198168
2023-02-08,Electrodomesticos,Microondas,Sur,Mayorista,8,44261,354088
2023-04-21,Hogar,Mesa,Norte,Mayorista,16,306525,4904400
2023-07-13,Electrodomesticos,Lavadora,Norte,Mayorista,13,299112,3888456
2023-08-19,Hogar,Sofa,Sur,Mayorista,5,192606,963030
2023-04-21,Deportes,Bicicleta,Centro,Minorista,3,492957,1478871
2023-01-18,Deportes,Raqueta,Sur,Minorista,3,371276,1113828
2023-02-22,Vestuario,Polera,Centro,Mayorista,4,430530,1722120
2023-06-17,Vestuario,Pantalon,Centro,Mayorista,9,420395,3783555
2023-08-22,Electrodomesticos,Refrigerador,Centro,Minorista,20,311013,6220260
2023-02-11,Vestuario,Polera,Sur,Minorista,9,133569,1202121
2023-03-30,Electrodomesticos,Aspiradora,Sur,Mayorista,3,375007,1125021
2023-12-15,Vestuario,Pantalon,Centro,Minorista,8,8771,70168
2023-08-01,Vestuario,Pantalon,Centro,Minorista,12,274879,3298548
2023-01-20,Hogar,Mesa,Sur,Minorista,11,400744,4408184
2023-04-25,Deportes,Balon,Sur,Minorista,17,407377,6925409
2023-02-11,Vestuario,Pantalon,Sur,Mayorista,18,405131,7292358
2023-03-22,Hogar,Silla,Norte,Mayorista,19,359931,6838689
2023-04-18,Deportes,Balon,Sur,Mayorista,4,367691,1470764
2023-01-23,Vestuario,Pantalon,Norte,Minorista,8,136207,1089656
2023-03-04,Tecnologia,Monitor,Norte,Minorista,1,388812,388812
2023-12-21,Deportes,Bicicleta,Norte,Mayorista,13,209786,2727218
2023-03-24,Deportes,Raqueta,Norte,Minorista,10,81864,818640
2023-02-08,Electrodomesticos,Aspiradora,Norte,Minorista,2,51603,103206
2023-02-06,Vestuario,Chaqueta,Centro,Minorista,2,136621,273242
2023-05-17,Electrodomesticos,Aspiradora,Sur,Mayorista,17,338997,5762949
2023-05-14,Deportes,Bicicleta,Norte,Minorista,4,185096,740384
2023-08-25,Hogar,Mesa,Sur,Mayorista,1,346210,346210
2023-08-12,Tecnologia,Tablet,Centro,Minorista,12,191669,2300028
2023-03-30,Electrodomesticos,Lavadora,Centro,Mayorista,14,232021,3248294
2023-08-24,Hogar,Silla,Norte,Mayorista,15,377343,5660145
2023-11-18,Electrodomesticos,Aspiradora,Sur,Minorista,11,31952,351472
2023-04-02,Vestuario,Zapatillas,Sur,Minorista,17,178106,3027802
2023-01-31,Hogar,Sofa,Sur,Minorista,11,185134,2036474
2023-12-24,Deportes,Balon,Centro,Minorista,4,468298,1873192
2023-03-27,Deportes,Bicicleta,Norte,Mayorista,15,459171,6887565
2023-11-01,Tecnologia,Notebook,Centro,Mayorista,9,376323,3386907
2023-09-02,Vestuario,Polera,Sur,Mayorista,13,175187,2277431
2023-03-06,Tecnologia,Tablet,Sur,Minorista,6,179279,1075674
2023-10-18,Vestuario,Zapatillas,Norte,Minorista,15,252022,3780330
2023-02-14,Tecnologia,Monitor,Sur,Mayorista,2,333519,667038
2023-05-28,Vestuario,Zapatillas,Centro,Minorista,3,271070,813210
2023-12-25,Tecnologia,Notebook,Norte,Minorista,3,127811,383433
2023-08-31,Electrodomesticos,Microondas,Centro,Minorista,9,470776,4236984
2023-04-06,Vestuario,Zapatillas,Centro,Mayorista,1,101799,101799
2023-06-10,Deportes,Bicicleta,Centro,Minorista,16,405726,6491616
2023-02-28,Electrodomesticos,Aspiradora,Norte,Mayorista,4,259100,1036400
2023-03-14,Vestuario,Pantalon,Norte,Mayorista,19,250839,4765941
2023-12-26,Tecnologia,Tablet,Norte,Mayorista,16,468881,7502096
2023-03-18,Tecnologia,Smartphone,Centro,Minorista,4,169979,679916
2023-08-24,Tecnologia,Tablet,Sur,Minorista,15,348477,5227155
2023-12-15,Electrodomesticos,Microondas,Centro,Mayorista,17,135284,2299828
2023-10-14,Tecnologia,Tablet,Sur,Mayorista,18,310012,5580216
2023-12-30,Tecnologia,Notebook,Centro,Mayorista,11,92953,1022483
2023-11-04,Tecnologia,Notebook,Norte,Mayorista,5,20759,103795
2023-07-18,Deportes,Pesas,Norte,Minorista,14,350555,4907770
2023-09-10,Deportes,Balon,Centro,Minorista,16,469319,7509104
2023-10-11,Electrodomesticos,Lavadora,Norte,Mayorista,1,408223,408223
2023-07-25,Tecnologia,Notebook,Sur,Minorista,9,475744,4281696
2023-10-06,Hogar,Lampara,Centro,Minorista,8,342929,2743432
2023-03-13,Deportes,Pesas,Centro,Mayorista,7,172971,1210797
2023-09-28,Electrodomesticos,Lavadora,Sur,Mayorista,14,106116,1485624
2023-12-04,Deportes,Raqueta,Centro,Minorista,8,356860,2854880
2023-11-16,Deportes,Bicicleta,Sur,Mayorista,5,254195,1270975
2023-07-28,Deportes,Pesas,Norte,Mayorista,12,348127,4177524
2023-04-13,Deportes,Raqueta,Sur,Mayorista,19,110592,2101248
2023-11-12,Vestuario,Zapatillas,Sur,Minorista,13,131317,1707121
2023-10-19,Hogar,Sofa,Sur,Mayorista,17,20143,342431
2023-06-25,Hogar,Mesa,Centro,Mayorista,6,215328,1291968
2023-03-21,Deportes,Balon,Centro,Mayorista,12,372687,4472244
2023-04-29,Deportes,Raqueta,Norte,Mayorista,2,173963,347926
2023-02-08,Deportes,Balon,Centro,Mayorista,12,5010,60120
2023-09-09,Electrodomesticos,Aspiradora,Sur,Mayorista,2,237910,475820
2023-10-16,Hogar,Mesa,Centro,Minorista,8,101595,812760
2023-02-22,Hogar,Lampara,Centro,Minorista,13,269130,3498690
2023-10-25,Tecnologia,Monitor,Norte,Minorista,13,18683,242879
2023-01-13,Vestuario,Zapatillas,Norte,Minorista,10,177263,1772630
2023-10-17,Hogar,Sofa,Sur,Minorista,9,255830,2302470
2023-09-17,Deportes,Raqueta,Centro,Mayorista,13,363244,4722172
2023-03-05,Hogar,Lampara,Norte,Minorista,13,278953,3626389
2023-07-07,Tecnologia,Monitor,Sur,Minorista,20,99422,1988440
2023-10-14,Hogar,Silla,Norte,Mayorista,10,344816,3448160
2023-01-05,Vestuario,Chaqueta,Norte,Minorista,17,475641,8085897
2023-01-27,Vestuario,Polera,Sur,Mayorista,4,181391,725564
2023-11-06,Hogar,Sofa,Sur,Mayorista,5,71274,356370
2023-01-31,Vestuario,Zapatillas,Norte,Mayorista,4,251085,1004340
2023-01-22,Vestuario,Chaqueta,Sur,Mayorista,7,393325,2753275
2023-11-28,Tecnologia,Smartphone,Sur,Minorista,4,305496,1221984
2023-11-16,Deportes,Bicicleta,Norte,Mayorista,20,353111,7062220
2023-08-23,Electrodomesticos,Aspiradora,Centro,Mayorista,12,486551,5838612
2023-05-08,Vestuario,Chaqueta,Centro,Minorista,8,464330,3714640
2023-02-04,Tecnologia,Notebook,Centro,Minorista,10,316413,3164130
2023-05-20,Vestuario,Pantalon,Norte,Mayorista,11,176694,1943634
2023-10-14,Vestuario,Zapatillas,Sur,Minorista,6,53790,322740
2023-04-25,Hogar,Mesa,Sur,Minorista,5,448666,2243330
2023-05-17,Deportes,Balon,Centro,Minorista,19,482906,9175214
2023-11-06,Tecnologia,Monitor,Norte,Minorista,10,343419,3434190
2023-10-21,Vestuario,Zapatillas,Centro,Minorista,1,469003,469003
2023-03-17,Hogar,Mesa,Centro,Minorista,8,387977,3103816
2023-03-28,Deportes,Pesas,Norte,Mayorista,20,365921,7318420
2023-07-01,Vestuario,Zapatillas,Centro,Minorista,2,299973,599946
2023-07-21,Tecnologia,Monitor,Sur,Mayorista,10,297873,2978730
2023-03-29,Deportes,Balon,Norte,Minorista,12,385744,4628928
2023-07-22,Hogar,Lampara,Centro,Minorista,20,253650,5073000
2023-04-17,Deportes,Pesas,Sur,Mayorista,17,234839,3992263
2023-12-09,Electrodomesticos,Aspiradora,Sur,Minorista,17,16481,280177
2023-05-16,Hogar,Sofa,Centro,Mayorista,13,18384,238992
2023-02-21,Hogar,Lampara,Sur,Minorista,12,265375,3184500
2023-04-11,Deportes,Bicicleta,Norte,Minorista,11,37406,411466
2023-05-26,Electrodomesticos,Refrigerador,Centro,Mayorista,19,490848,9326112
2023-05-16,Vestuario,Zapatillas,Norte,Minorista,12,389692,4676304
2023-07-08,Electrodomesticos,Microondas,Norte,Minorista,4,465719,1862876
2023-06-13,Tecnologia,Monitor,Norte,Mayorista,2,98488,196976
2023-02-18,Electrodomesticos,Aspiradora,Sur,Minorista,11,434682,4781502
2023-03-26,Hogar,Sofa,Centro,Minorista,6,7312,43872
2023-08-03,Hogar,Silla,Norte,Mayorista,20,238011,4760220
2023-01-29,Tecnologia,Notebook,Sur,Minorista,19,245615,4666685
2023-05-01,Deportes,Balon,Norte,Mayorista,16,258209,4131344
2023-03-01,Deportes,Raqueta,Centro,Mayorista,17,148212,2519604
2023-07-16,Vestuario,Polera,Sur,Mayorista,1,178409,178409
2023-02-04,Tecnologia,Tablet,Norte,Mayorista,2,266195,532390
2023-08-29,Vestuario,Polera,Sur,Mayorista,16,428413,6854608
2023-02-18,Tecnologia,Tablet,Norte,Minorista,15,318060,4770900
2023-07-17,Electrodomesticos,Microondas,Centro,Mayorista,14,79156,1108184
2023-07-13,Tecnologia,Tablet,Centro,Minorista,3,493782,1481346
2023-02-21,Hogar,Silla,Centro,Mayorista,20,215653,4313060
2023-02-02,Tecnologia,Tablet,Sur,Mayorista,15,299544,4493160
2023-04-23,Tecnologia,Notebook,Sur,Minorista,4,134300,537200
2023-04-01,Hogar,Lampara,Norte,Minorista,4,92716,370864
2023-12-04,Deportes,Raqueta,Norte,Minorista,11,385285,4238135
2023-10-30,Electrodomesticos,Aspiradora,Centro,Minorista,5,41970,209850
2023-09-20,Electrodomesticos,Aspiradora,Centro,Mayorista,10,202043,2020430
2023-05-20,Hogar,Silla,Norte,Mayorista,4,402855,1611420
2023-04-20,Tecnologia,Tablet,Norte,Mayorista,9,483734,4353606
2023-11-24,Hogar,Silla,Sur,Minorista,17,469457,7980769
2023-05-29,Electrodomesticos,Refrigerador,Centro,Minorista,14,377063,5278882
2023-02-23,Hogar,Silla,Centro,Minorista,8,217623,1740984
2023-10-28,Vestuario,Polera,Sur,Minorista,16,182498,2919968
2023-10-07,Hogar,Lampara,Norte,Mayorista,19,59355,1127745
2023-05-25,Vestuario,Zapatillas,Sur,Mayorista,15,199158,2987370
2023-12-26,Tecnologia,Monitor,Centro,Mayorista,20,198968,3979360
2023-05-17,Electrodomesticos,Refrigerador,Centro,Mayorista,13,401484,5219292
2023-10-13,Electrodomesticos,Refrigerador,Centro,Minorista,2,374440,748880
2023-11-07,Tecnologia,Tablet,Sur,Mayorista,4,471609,1886436
2023-09-03,Deportes,Balon,Norte,Minorista,4,205536,822144
2023-08-07,Vestuario,Zapatillas,Centro,Mayorista,19,495836,9420884
2023-11-25,Hogar,Silla,Sur,Minorista,13,466066,6058858
2023-03-24,Vestuario,Polera,Centro,Minorista,2,226075,452150
2023-12-17,Deportes,Pesas,Centro,Minorista,20,347891,6957820
2023-08-31,Electrodomesticos,Refrigerador,Centro,Minorista,4,411544,1646176
2023-07-01,Hogar,Lampara,Centro,Minorista,20,325239,6504780
2023-03-01,Deportes,Bicicleta,Norte,Mayorista,2,19946,39892
2023-01-26,Deportes,Raqueta,Centro,Mayorista,17,335836,5709212
2023-07-06,Deportes,Bicicleta,Norte,Mayorista,9,194322,1748898
2023-11-29,Deportes,Raqueta,Norte,Mayorista,1,314340,314340
2023-06-30,Deportes,Bicicleta,Norte,Minorista,16,20896,334336
2023-07-12,Hogar,Lampara,Sur,Mayorista,10,327817,3278170
2023-12-02,Tecnologia,Notebook,Norte,Mayorista,5,395694,1978470
2023-02-05,Hogar,Silla,Sur,Minorista,5,403797,2018985
2023-08-26,Vestuario,Chaqueta,Centro,Mayorista,11,495174,5446914
2023-11-20,Electrodomesticos,Refrigerador,Norte,Minorista,1,231870,231870
2023-08-28,Electrodomesticos,Lavadora,Norte,Mayorista,6,279230,1675380
2023-09-18,Tecnologia,Smartphone,Centro,Mayorista,11,128731,1416041
2023-10-10,Tecnologia,Tablet,Norte,Mayorista,13,463718,6028334
2023-02-10,Electrodomesticos,Microondas,Sur,Minorista,7,222878,1560146
2023-09-02,Vestuario,Zapatillas,Centro,Minorista,11,273172,3004892
2023-07-21,Tecnologia,Monitor,Sur,Minorista,6,474422,2846532
2023-08-15,Electrodomesticos,Aspiradora,Norte,Mayorista,11,364205,4006255
2023-07-28,Deportes,Pesas,Norte,Minorista,15,90362,1355430
2023-09-10,Vestuario,Chaqueta,Norte,Minorista,18,94221,1695978
2023-09-25,Electrodomesticos,Lavadora,Norte,Minorista,17,335236,5699012
2023-07-05,Vestuario,Polera,Sur,Mayorista,7,238231,1667617
2023-08-08,Tecnologia,Tablet,Norte,Mayorista,2,391368,782736
2023-05-23,Hogar,Sofa,Sur,Mayorista,1,145312,145312
2023-09-13,Deportes,Pesas,Centro,Minorista,3,95255,285765
2023-05-30,Hogar,Mesa,Norte,Mayorista,11,242675,2669425
2023-03-18,Tecnologia,Smartphone,Centro,Minorista,3,31584,94752
2023-02-08,Vestuario,Pantalon,Centro,Mayorista,3,333553,1000659
2023-06-28,Deportes,Balon,Norte,Mayorista,18,340487,6128766
2023-11-30,Deportes,Raqueta,Sur,Minorista,1,78942,78942
2023-02-04,Electrodomesticos,Microondas,Sur,Minorista,3,428980,1286940
2023-06-03,Electrodomesticos,Aspiradora,Norte,Mayorista,6,202193,1213158
2023-10-18,Electrodomesticos,Microondas,Centro,Minorista,12,294166,3529992
2023-09-04,Vestuario,Polera,Norte,Mayorista,3,133894,401682
2023-11-18,Tecnologia,Tablet,Centro,Mayorista,5,254666,1273330
2023-12-02,Electrodomesticos,Refrigerador,Centro,Mayorista,13,395927,5147051
2023-03-15,Vestuario,Zapatillas,Sur,Mayorista,20,418344,8366880
2023-10-05,Deportes,Bicicleta,Norte,Mayorista,1,296035,296035
2023-06-07,Hogar,Mesa,Centro,Mayorista,12,75562,906744
2023-08-26,Deportes,Pesas,Norte,Minorista,14,457539,6405546
2023-03-08,Tecnologia,Tablet,Centro,Mayorista,13,88727,1153451
2023-06-07,Deportes,Bicicleta,Centro,Mayorista,3,473311,1419933
2023-06-03,Hogar,Sofa,Norte,Minorista,19,288097,5473843
2023-06-13,Deportes,Raqueta,Centro,Mayorista,9,15551,139959
2023-01-22,Vestuario,Pantalon,Sur,Minorista,5,146691,733455
2023-02-09,Hogar,Lampara,Norte,Minorista,12,149173,1790076
2023-03-10,Tecnologia,Notebook,Norte,Minorista,2,462693,925386
2023-02-04,Deportes,Bicicleta,Sur,Minorista,4,232619,930476
2023-09-04,Deportes,Pesas,Sur,Minorista,12,10816,129792
2023-05-09,Vestuario,Zapatillas,Centro,Minorista,19,421937,8016803
2023-06-21,Tecnologia,Smartphone,Norte,Mayorista,11,394387,4338257
2023-08-21,Tecnologia,Monitor,Norte,Minorista,19,441173,8382287
2023-09-10,Hogar,Silla,Centro,Mayorista,3,16177,48531
2023-04-03,Tecnologia,Tablet,Sur,Mayorista,17,495109,8416853
2023-08-21,Deportes,Raqueta,Centro,Minorista,1,14551,14551
2023-06-06,Deportes,Bicicleta,Centro,Minorista,17,212172,3606924
2023-06-15,Tecnologia,Tablet,Sur,Minorista,9,353175,3178575
2023-12-08,Hogar,Mesa,Norte,Minorista,18,319058,5743044
2023-09-05,Vestuario,Polera,Sur,Minorista,18,40219,723942
2023-01-20,Electrodomesticos,Aspiradora,Norte,Minorista,7,11365,79555
2023-10-05,Electrodomesticos,Aspiradora,Norte,Mayorista,13,400947,5212311
2023-09-01,Electrodomesticos,Lavadora,Centro,Mayorista,10,218431,2184310
2023-09-12,Deportes,Raqueta,Norte,Mayorista,16,102535,1640560
2023-11-28,Tecnologia,Notebook,Centro,Minorista,5,236433,1182165
2023-11-17,Deportes,Balon,Norte,Mayorista,5,122035,610175
2023-04-01,Electrodomesticos,Lavadora,Sur,Minorista,7,400925,2806475
2023-12-19,Vestuario,Pantalon,Sur,Mayorista,6,374145,2244870
2023-02-23,Electrodomesticos,Microondas,Centro,Mayorista,8,127053,1016424
2023-07-25,Vestuario,Chaqueta,Centro,Minorista,15,116020,1740300
2023-12-11,Deportes,Bicicleta,Sur,Mayorista,14,203158,2844212
2023-10-29,Hogar,Silla,Norte,Minorista,2,353565,707130
2023-01-04,Vestuario,Polera,Centro,Mayorista,10,21051,210510
2023-11-05,Deportes,Pesas,Norte,Minorista,14,476039,6664546
2023-01-05,Deportes,Raqueta,Sur,Mayorista,13,17024,221312
2023-03-06,Hogar,Lampara,Sur,Mayorista,4,328347,1313388
2023-05-18,Hogar,Lampara,Norte,Minorista,13,175692,2283996
2023-03-14,Hogar,Silla,Sur,Mayorista,18,299904,5398272
2023-07-12,Tecnologia,Tablet,Centro,Mayorista,4,36446,145784
2023-07-31,Hogar,Sofa,Centro,Mayorista,10,111233,1112330
2023-04-02,Deportes,Raqueta,Norte,Minorista,6,130526,783156
2023-11-13,Tecnologia,Smartphone,Norte,Minorista,15,424415,6366225
2023-06-26,Hogar,Silla,Sur,Minorista,12,484712,5816544
2023-03-22,Vestuario,Pantalon,Centro,Minorista,8,13104,104832
2023-08-28,Deportes,Bicicleta,Sur,Mayorista,18,31172,561096
2023-03-07,Vestuario,Chaqueta,Centro,Minorista,14,23478,328692
2023-12-02,Hogar,Silla,Centro,Mayorista,4,105091,420364
2023-02-21,Tecnologia,Notebook,Sur,Mayorista,10,59731,597310
2023-04-04,Hogar,Mesa,Centro,Mayorista,9,179684,1617156
2023-05-28,Vestuario,Pantalon,Sur,Mayorista,14,275535,3857490
2023-04-27,Hogar,Silla,Norte,Minorista,10,139647,1396470
2023-05-13,Electrodomesticos,Microondas,Norte,Mayorista,9,373711,3363399
2023-06-27,Electrodomesticos,Microondas,Centro,Mayorista,16,248765,3980240
2023-06-18,Deportes,Balon,Centro,Mayorista,2,496723,993446
2023-04-25,Tecnologia,Smartphone,Norte,Mayorista,6,75019,450114
2023-05-30,Hogar,Mesa,Centro,Minorista,5,99534,497670
2023-06-30,Deportes,Raqueta,Centro,Minorista,6,297444,1784664
2023-05-12,Vestuario,Pantalon,Norte,Mayorista,4,353601,1414404
2023-11-30,Hogar,Silla,Centro,Minorista,7,402985,2820895
2023-10-30,Electrodomesticos,Aspiradora,Sur,Mayorista,17,467959,7955303
2023-12-19,Deportes,Bicicleta,Norte,Mayorista,9,174218,1567962
2023-02-10,Hogar,Sofa,Norte,Mayorista,2,267638,535276
2023-06-04,Tecnologia,Tablet,Centro,Minorista,8,368574,2948592
2023-01-13,Tecnologia,Tablet,Centro,Minorista,17,241318,4102406
2023-09-20,Vestuario,Chaqueta,Centro,Minorista,15,490342,7355130
2023-05-12,Vestuario,Chaqueta,Sur,Minorista,14,388537,5439518
2023-12-05,Deportes,Bicicleta,Sur,Mayorista,19,101347,1925593
2023-05-17,Deportes,Pesas,Sur,Minorista,4,67258,269032
2023-01-31,Vestuario,Chaqueta,Norte,Mayorista,14,326018,4564252
2023-09-29,Deportes,Pesas,Sur,Minorista,13,479002,6227026
2023-03-15,Deportes,Balon,Centro,Minorista,12,496327,5955924
2023-07-04,Hogar,Sofa,Sur,Mayorista,9,79571,716139
2023-04-19,Vestuario,Zapatillas,Sur,Minorista,12,496050,5952600
2023-09-29,Hogar,Silla,Norte,Mayorista,18,318779,5738022
2023-01-13,Deportes,Balon,Sur,Mayorista,2,445865,891730
2023-09-21,Deportes,Raqueta,Centro,Mayorista,7,163440,1144080
2023-10-17,Electrodomesticos,Refrigerador,Sur,Mayorista,19,197041,3743779
2023-09-23,Tecnologia,Smartphone,Norte,Minorista,10,328343,3283430
2023-05-22,Hogar,Mesa,Centro,Mayorista,10,185652,1856520
2023-08-09,Vestuario,Polera,Norte,Minorista,8,304848,2438784
2023-03-25,Electrodomesticos,Refrigerador,Sur,Minorista,6,109653,657918
2023-12-08,Electrodomesticos,Microondas,Norte,Minorista,1,446383,446383
2023-10-28,Hogar,Silla,Centro,Mayorista,17,292007,4964119
2023-08-18,Electrodomesticos,Refrigerador,Sur,Minorista,9,412114,3709026
2023-10-23,Hogar,Sofa,Sur,Minorista,14,33978,475692
2023-07-07,Deportes,Pesas,Sur,Mayorista,12,474500,5694000
2023-11-27,Vestuario,Chaqueta,Centro,Mayorista,6,327831,1966986
2023-10-21,Tecnologia,Monitor,Sur,Minorista,11,151608,1667688
2023-06-18,Electrodomesticos,Aspiradora,Norte,Mayorista,20,115898,2317960
2023-12-27,Deportes,Balon,Centro,Mayorista,12,455572,5466864
2023-08-31,Deportes,Bicicleta,Centro,Minorista,2,54075,108150
2023-12-26,Vestuario,Pantalon,Centro,Mayorista,3,218719,656157
2023-07-09,Deportes,Raqueta,Sur,Mayorista,4,413328,1653312
2023-11-29,Vestuario,Pantalon,Norte,Minorista,3,456923,1370769
2023-03-12,Deportes,Balon,Centro,Mayorista,5,330281,1651405
2023-09-08,Hogar,Lampara,Centro,Mayorista,15,345635,5184525
2023-01-24,Vestuario,Chaqueta,Norte,Mayorista,7,434830,3043810
2023-05-06,Tecnologia,Notebook,Norte,Minorista,6,436929,2621574
2023-07-11,Hogar,Lampara,Sur,Minorista,9,129796,1168164
2023-03-18,Electrodomesticos,Lavadora,Sur,Mayorista,2,370328,740656
2023-06-04,Electrodomesticos,Lavadora,Norte,Mayorista,20,196690,3933800
2023-05-31,Deportes,Pesas,Centro,Mayorista,18,355787,6404166
2023-10-17,Tecnologia,Tablet,Norte,Minorista,10,170371,1703710
2023-11-22,Vestuario,Polera,Sur,Mayorista,7,336768,2357376
2023-11-12,Electrodomesticos,Lavadora,Norte,Minorista,15,314444,4716660
2023-12-22,Vestuario,Zapatillas,Centro,Minorista,10,202274,2022740
2023-02-19,Electrodomesticos,Refrigerador,Sur,Mayorista,13,185554,2412202
2023-03-06,Tecnologia,Smartphone,Sur,Minorista,16,486683,7786928
2023-08-03,Vestuario,Polera,Sur,Minorista,9,22560,203040
2023-09-07,Electrodomesticos,Microondas,Centro,Minorista,12,379766,4557192
2023-04-07,Deportes,Raqueta,Sur,Minorista,19,210915,4007385
2023-12-20,Deportes,Pesas,Sur,Mayorista,19,437849,8319131
2023-04-06,Vestuario,Chaqueta,Norte,Minorista,14,389720,5456080
2023-11-05,Vestuario,Chaqueta,Centro,Mayorista,16,172213,2755408
2023-07-20,Deportes,Pesas,Norte,Mayorista,15,244544,3668160
2023-09-11,Deportes,Pesas,Norte,Mayorista,18,308251,5548518
2023-02-23,Hogar,Sofa,Norte,Mayorista,19,491263,9333997
2023-06-21,Deportes,Balon,Sur,Mayorista,6,62431,374586
2023-10-13,Hogar,Lampara,Norte,Mayorista,15,493197,7397955
2023-02-12,Electrodomesticos,Microondas,Norte,Minorista,13,189092,2458196
2023-12-10,Tecnologia,Monitor,Centro,Mayorista,17,156543,2661231
2023-07-08,Deportes,Bicicleta,Norte,Minorista,7,467230,3270610
2023-08-04,Deportes,Pesas,Sur,Mayorista,8,230842,1846736
2023-07-30,Tecnologia,Monitor,Centro,Minorista,3,232058,696174
2023-08-14,Tecnologia,Smartphone,Norte,Mayorista,12,213007,2556084
2023-09-11,Deportes,Bicicleta,Norte,Minorista,18,413495,7442910
2023-09-05,Electrodomesticos,Lavadora,Sur,Minorista,14,308605,4320470
2023-07-02,Electrodomesticos,Aspiradora,Norte,Mayorista,10,263285,2632850
2023-11-01,Electrodomesticos,Microondas,Centro,Mayorista,10,240396,2403960
2023-04-25,Deportes,Pesas,Sur,Minorista,4,129597,518388
2023-05-07,Vestuario,Polera,Centro,Mayorista,5,68941,344705
2023-03-19,Deportes,Raqueta,Norte,Minorista,20,163348,3266960
2023-08-01,Deportes,Balon,Sur,Mayorista,4,145274,581096
2023-11-14,Electrodomesticos,Microondas,Norte,Mayorista,7,209636,1467452
2023-11-07,Hogar,Lampara,Norte,Mayorista,9,451583,4064247
2023-09-27,Tecnologia,Notebook,Centro,Minorista,16,31270,500320
2023-10-05,Vestuario,Zapatillas,Sur,Minorista,15,130706,1960590
2023-09-04,Deportes,Raqueta,Centro,Minorista,3,447478,1342434
2023-06-15,Tecnologia,Notebook,Sur,Mayorista,20,88014,1760280
2023-09-25,Vestuario,Chaqueta,Norte,Mayorista,4,291285,1165140
2023-01-23,Deportes,Raqueta,Centro,Mayorista,1,357273,357273
2023-08-10,Vestuario,Zapatillas,Norte,Mayorista,9,153155,1378395
2023-10-20,Electrodomesticos,Aspiradora,Sur,Minorista,5,446317,2231585
2023-11-05,Hogar,Mesa,Sur,Minorista,10,311707,3117070
2023-11-20,Tecnologia,Monitor,Sur,Minorista,12,333660,4003920
2023-03-22,Deportes,Pesas,Norte,Mayorista,20,377117,7542340
2023-09-21,Hogar,Sofa,Norte,Minorista,15,244672,3670080
2023-06-17,Electrodomesticos,Lavadora,Sur,Minorista,20,55098,1101960
2023-07-02,Tecnologia,Monitor,Centro,Minorista,6,445696,2674176
2023-11-09,Tecnologia,Tablet,Sur,Mayorista,4,129669,518676
2023-03-05,Deportes,Pesas,Sur,Mayorista,16,373496,5975936
2023-07-17,Vestuario,Pantalon,Centro,Mayorista,7,141846,992922
2023-03-13,Deportes,Bicicleta,Centro,Minorista,18,213158,3836844
2023-04-10,Vestuario,Chaqueta,Centro,Minorista,20,194649,3892980
2023-05-06,Tecnologia,Tablet,Centro,Mayorista,3,402380,1207140
2023-10-14,Hogar,Sofa,Centro,Mayorista,1,444163,444163
2023-08-02,Electrodomesticos,Microondas,Norte,Minorista,2,235481,470962
2023-04-14,Tecnologia,Smartphone,Centro,Mayorista,18,404254,7276572
2023-08-21,Deportes,Balon,Centro,Minorista,7,492655,3448585
2023-12-21,Tecnologia,Monitor,Centro,Minorista,8,253719,2029752
2023-03-22,Electrodomesticos,Refrigerador,Centro,Mayorista,12,87590,1051080
2023-10-31,Hogar,Silla,Sur,Mayorista,6,115442,692652
2023-07-08,Deportes,Pesas,Centro,Mayorista,5,256043,1280215
2023-12-19,Tecnologia,Monitor,Sur,Minorista,13,419989,5459857
2023-08-05,Hogar,Mesa,Centro,Minorista,1,307199,307199
2023-08-23,Tecnologia,Smartphone,Centro,Minorista,13,174339,2266407
2023-07-23,Tecnologia,Smartphone,Centro,Mayorista,8,297854,2382832
2023-11-27,Deportes,Raqueta,Centro,Minorista,7,98820,691740
2023-06-24,Hogar,Mesa,Norte,Mayorista,20,467400,9348000
2023-01-12,Deportes,Raqueta,Norte,Mayorista,8,158009,1264072
2023-11-06,Electrodomesticos,Microondas,Norte,Minorista,15,244898,3673470
2023-12-16,Deportes,Bicicleta,Sur,Mayorista,13,21277,276601
2023-11-20,Vestuario,Chaqueta,Norte,Minorista,14,414325,5800550
2023-09-15,Hogar,Silla,Norte,Minorista,4,136689,546756
2023-12-21,Vestuario,Zapatillas,Norte,Mayorista,7,99262,694834
2023-02-20,Hogar,Sofa,Centro,Mayorista,7,25321,177247
2023-04-11,Vestuario,Chaqueta,Centro,Mayorista,12,386791,4641492
2023-08-23,Electrodomesticos,Refrigerador,Sur,Minorista,19,473658,8999502
2023-11-19,Hogar,Silla,Centro,Minorista,18,474965,8549370
2023-07-30,Vestuario,Pantalon,Norte,Minorista,19,342591,6509229
2023-08-27,Vestuario,Zapatillas,Centro,Mayorista,20,363328,7266560
2023-03-12,Vestuario,Chaqueta,Centro,Minorista,5,330003,1650015
2023-12-08,Vestuario,Zapatillas,Sur,Minorista,6,190025,1140150
2023-07-24,Hogar,Silla,Norte,Mayorista,13,202281,2629653
2023-02-15,Electrodomesticos,Lavadora,Centro,Minorista,20,266588,5331760
2023-08-04,Electrodomesticos,Lavadora,Centro,Mayorista,17,109667,1864339
2023-10-09,Deportes,Raqueta,Sur,Mayorista,11,211190,2323090
2023-02-17,Electrodomesticos,Microondas,Sur,Mayorista,4,244545,978180
2023-10-26,Vestuario,Pantalon,Sur,Minorista,2,49406,98812
2023-07-08,Hogar,Silla,Centro,Mayorista,17,137202,2332434
2023-08-25,Vestuario,Polera,Norte,Minorista,1,471322,471322
2023-01-18,Tecnologia,Tablet,Sur,Minorista,14,401178,5616492
2023-03-15,Deportes,Raqueta,Norte,Mayorista,15,135180,2027700
2023-05-13,Electrodomesticos,Microondas,Norte,Mayorista,3,392508,1177524
2023-07-12,Hogar,Lampara,Centro,Mayorista,19,178128,3384432
2023-07-03,Deportes,Pesas,Centro,Minorista,7,18881,132167
2023-03-14,Hogar,Lampara,Norte,Minorista,18,208079,3745422
2023-10-05,Tecnologia,Tablet,Norte,Mayorista,5,86091,430455
2023-06-08,Tecnologia,Notebook,Centro,Minorista,17,215133,3657261
2023-09-12,Vestuario,Pantalon,Norte,Mayorista,9,271521,2443689
2023-03-13,Hogar,Sofa,Centro,Minorista,16,323110,5169760
2023-09-16,Vestuario,Chaqueta,Sur,Mayorista,1,94598,94598
2023-03-25,Hogar,Silla,Centro,Minorista,16,267115,4273840
2023-07-07,Tecnologia,Notebook,Norte,Mayorista,16,287003,4592048
2023-11-20,Deportes,Bicicleta,Centro,Minorista,7,375926,2631482
2023-08-24,Hogar,Silla,Sur,Minorista,4,178699,714796
2023-10-10,Tecnologia,Monitor,Norte,Minorista,10,163231,1632310
2023-05-01,Deportes,Bicicleta,Norte,Minorista,9,253040,2277360
2023-12-03,Vestuario,Zapatillas,Norte,Minorista,14,391460,5480440
2023-05-20,Tecnologia,Notebook,Centro,Minorista,6,455671,2734026
2023-06-29,Electrodomesticos,Lavadora,Norte,Minorista,16,276086,4417376
2023-12-01,Tecnologia,Tablet,Norte,Minorista,6,125832,754992
2023-02-08,Vestuario,Pantalon,Centro,Mayorista,9,8066,72594
2023-12-09,Vestuario,Chaqueta,Centro,Mayorista,5,125067,625335
2023-11-15,Vestuario,Zapatillas,Sur,Mayorista,8,217456,1739648
2023-02-03,Hogar,Mesa,Norte,Mayorista,18,469625,8453250
2023-08-11,Tecnologia,Smartphone,Centro,Mayorista,9,237909,2141181
2023-05-17,Electrodomesticos,Lavadora,Centro,Minorista,5,198651,993255
2023-07-01,Deportes,Raqueta,Norte,Minorista,12,65229,782748
2023-05-15,Vestuario,Zapatillas,Centro,Mayorista,16,60030,960480
2023-10-10,Vestuario,Polera,Norte,Mayorista,4,211797,847188
2023-10-03,Deportes,Pesas,Sur,Minorista,12,285671,3428052
