id_venta,id_pedido,id_producto,cantidad,precio_unitario,total_venta
1,173,162,7,441048,3087336
2,253,3,6,119821,718926
3,730,403,4,291404,1165616
4,284,379,7,83087,581609
5,138,431,6,346992,2081952
6,899,348,6,69236,415416
7,457,246,8,200717,1605736
8,499,184,5,167310,836550
9,180,283,2,23244,46488
10,84,331,10,437661,4376610
11,880,431,5,346992,1734960
12,552,424,3,362140,1086420
13,752,101,5,20179,100895
14,745,454,2,239218,478436
15,870,39,1,366905,366905
16,833,260,1,432507,432507
17,415,298,10,452126,4521260
18,218,394,10,105025,1050250
19,565,465,1,223022,223022
20,553,134,9,306863,2761767
21,375,242,3,279456,838368
22,791,201,4,399469,1597876
23,138,302,5,293356,1466780
24,523,238,9,381724,3435516
25,373,47,7,31517,220619
26,679,258,1,469409,469409
27,701,123,10,319218,3192180
28,144,85,9,53879,484911
29,184,229,3,139177,417531
30,676,290,10,169828,1698280
31,754,447,3,419589,1258767
32,368,375,8,109363,874904
33,780,21,4,12297,49188
34,65,250,4,74945,299780
35,240,136,6,156789,940734
36,531,22,4,243438,973752
37,398,465,6,223022,1338132
38,48,241,8,103206,825648
39,106,21,6,12297,73782
40,649,361,9,264467,2380203
41,855,425,5,7716,38580
42,593,380,5,176948,884740
43,179,279,10,340266,3402660
44,375,193,7,447723,3134061
45,530,301,2,355140,710280
46,229,129,7,284226,1989582
47,362,265,7,234088,1638616
48,499,419,6,76970,461820
49,619,406,8,122895,983160
50,143,4,9,330525,2974725
51,236,226,3,402851,1208553
52,659,40,9,237460,2137140
53,154,144,4,121167,484668
54,371,96,3,188560,565680
55,677,309,2,250055,500110
56,831,118,7,400807,2805649
57,494,170,2,379507,759014
58,491,346,8,274997,2199976
59,166,108,10,202234,2022340
60,23,332,7,47584,333088
61,131,125,1,407312,407312
62,165,294,10,142246,1422460
63,41,69,9,228490,2056410
64,151,457,10,368210,3682100
65,265,29,3,345388,1036164
66,530,473,3,65943,197829
67,614,491,7,47074,329518
68,653,497,10,283886,2838860
69,88,10,5,396895,1984475
70,622,111,8,412285,3298280
71,175,242,8,279456,2235648
72,616,113,7,87528,612696
73,841,74,10,204703,2047030
74,639,393,3,21552,64656
75,271,338,9,160941,1448469
76,465,86,6,395379,2372274
77,71,306,10,68628,686280
78,395,118,7,400807,2805649
79,17,68,2,36890,73780
80,881,104,9,8201,73809
81,701,466,9,402069,3618621
82,621,215,3,440707,1322121
83,488,50,3,312433,937299
84,615,462,10,197698,1976980
85,516,20,9,52344,471096
86,96,386,2,223387,446774
87,618,247,3,192220,576660
88,794,277,1,386060,386060
89,535,348,7,69236,484652
90,896,216,6,482366,2894196
91,440,23,9,311477,2803293
92,809,118,8,400807,3206456
93,359,394,7,105025,735175
94,101,302,10,293356,2933560
95,261,218,3,222525,667575
96,880,245,4,27824,111296
97,613,43,5,36745,183725
98,419,449,9,438580,3947220
99,6,132,4,233704,934816
100,592,364,1,75220,75220
101,533,268,2,197595,395190
102,671,4,7,330525,2313675
103,419,106,6,41482,248892
104,159,186,2,431343,862686
105,260,219,10,268196,2681960
106,434,134,9,306863,2761767
107,627,290,6,169828,1018968
108,774,142,7,279707,1957949
109,566,105,7,301915,2113405
110,495,402,9,95797,862173
111,573,92,6,155800,934800
112,260,285,8,194871,1558968
113,353,158,10,422506,4225060
114,754,397,7,220155,1541085
115,766,71,2,43530,87060
116,802,118,8,400807,3206456
117,103,359,3,131211,393633
118,411,110,9,168387,1515483
119,821,403,6,291404,1748424
120,714,282,10,21326,213260
121,165,351,1,458070,458070
122,824,200,1,237888,237888
123,483,47,3,31517,94551
124,446,475,10,52679,526790
125,270,46,2,341437,682874
126,82,114,6,358353,2150118
127,742,312,1,280615,280615
128,629,197,7,90064,630448
129,294,336,9,341544,3073896
130,59,365,10,405480,4054800
131,656,485,3,494990,1484970
132,11,254,8,430458,3443664
133,293,104,9,8201,73809
134,803,100,1,324288,324288
135,529,307,9,129117,1162053
136,630,358,4,211172,844688
137,369,87,1,430600,430600
138,162,123,1,319218,319218
139,799,45,5,53063,265315
140,686,205,6,197854,1187124
141,601,203,7,167250,1170750
142,16,103,9,488151,4393359
143,93,378,2,426509,853018
144,744,282,5,21326,106630
145,597,425,9,7716,69444
146,836,179,6,153974,923844
147,621,142,4,279707,1118828
148,466,494,4,282265,1129060
149,589,477,7,74176,519232
150,180,3,5,119821,599105
151,110,209,9,425090,3825810
152,516,287,2,199492,398984
153,120,151,6,320830,1924980
154,264,412,9,410308,3692772
155,833,449,9,438580,3947220
156,257,407,10,374571,3745710
157,387,356,8,266493,2131944
158,789,289,8,282589,2260712
159,795,125,6,407312,2443872
160,601,235,8,37929,303432
161,494,442,1,471228,471228
162,70,60,5,96355,481775
163,694,196,4,318129,1272516
164,820,360,4,30510,122040
165,362,162,7,441048,3087336
166,10,265,9,234088,2106792
167,255,359,5,131211,656055
168,409,148,2,189077,378154
169,78,345,6,214042,1284252
170,488,284,3,128729,386187
171,224,161,6,24717,148302
172,276,458,10,355112,3551120
173,511,94,4,86123,344492
174,241,378,4,426509,1706036
175,894,377,4,25402,101608
176,235,136,4,156789,627156
177,857,104,4,8201,32804
178,160,317,6,407538,2445228
179,123,399,2,375029,750058
180,693,472,2,91264,182528
181,629,490,8,460931,3687448
182,44,4,9,330525,2974725
183,381,435,8,494644,3957152
184,505,318,6,268645,1611870
185,890,460,10,364700,3647000
186,188,141,8,132567,1060536
187,287,392,9,82477,742293
188,769,204,4,478942,1915768
189,56,296,3,325799,977397
190,490,270,7,46380,324660
191,34,482,9,396016,3564144
192,404,258,6,469409,2816454
193,469,441,3,243209,729627
194,716,500,2,496473,992946
195,324,266,8,474047,3792376
196,13,353,1,431496,431496
197,389,346,4,274997,1099988
198,334,298,2,452126,904252
199,883,186,10,431343,4313430
200,562,133,3,487954,1463862
201,276,135,4,376981,1507924
202,352,242,10,279456,2794560
203,511,188,3,271594,814782
204,430,218,4,222525,890100
205,374,359,6,131211,787266
206,287,438,7,464665,3252655
207,586,231,3,63293,189879
208,703,68,10,36890,368900
209,739,118,2,400807,801614
210,569,139,4,441221,1764884
211,201,222,7,493020,3451140
212,485,75,3,242877,728631
213,181,413,1,157280,157280
214,138,216,8,482366,3858928
215,547,458,9,355112,3196008
216,805,369,6,43551,261306
217,257,250,5,74945,374725
218,49,288,10,405076,4050760
219,708,204,2,478942,957884
220,221,84,1,40197,40197
221,488,417,5,110941,554705
222,461,430,2,481020,962040
223,267,382,6,316282,1897692
224,574,185,6,342375,2054250
225,353,286,5,322243,1611215
226,125,11,7,110274,771918
227,204,180,10,179777,1797770
228,666,296,10,325799,3257990
229,179,333,9,346379,3117411
230,364,400,5,299066,1495330
231,500,167,9,173572,1562148
232,81,397,8,220155,1761240
233,294,196,10,318129,3181290
234,890,238,3,381724,1145172
235,432,86,6,395379,2372274
236,586,324,10,107918,1079180
237,82,208,2,89965,179930
238,234,83,6,85026,510156
239,669,161,6,24717,148302
240,620,150,5,139201,696005
241,278,331,7,437661,3063627
242,800,455,8,177818,1422544
243,766,442,6,471228,2827368
244,462,301,9,355140,3196260
245,189,212,3,295739,887217
246,129,438,1,464665,464665
247,678,373,4,200663,802652
248,216,129,2,284226,568452
249,106,86,7,395379,2767653
250,900,49,2,40971,81942
251,56,243,9,280806,2527254
252,537,14,7,484224,3389568
253,107,392,2,82477,164954
254,160,135,10,376981,3769810
255,317,44,7,104514,731598
256,756,118,4,400807,1603228
257,642,146,8,283189,2265512
258,540,65,3,241981,725943
259,30,430,3,481020,1443060
260,882,18,6,455961,2735766
261,885,469,6,45948,275688
262,892,244,8,209710,1677680
263,562,277,5,386060,1930300
264,715,228,3,479930,1439790
265,606,277,3,386060,1158180
266,647,306,8,68628,549024
267,446,384,10,253980,2539800
268,318,269,9,425032,3825288
269,494,466,6,402069,2412414
270,825,277,4,386060,1544240
271,316,46,8,341437,2731496
272,267,188,7,271594,1901158
273,11,80,5,214049,1070245
274,835,1,9,441647,3974823
275,353,389,3,348718,1046154
276,548,147,8,479964,3839712
277,774,5,8,334382,2675056
278,10,245,5,27824,139120
279,818,393,7,21552,150864
280,237,150,10,139201,1392010
281,562,408,1,171220,171220
282,422,192,4,86235,344940
283,448,452,9,174660,1571940
284,168,203,4,167250,669000
285,849,367,7,303991,2127937
286,270,194,4,271175,1084700
287,641,41,7,453502,3174514
288,783,123,9,319218,2872962
289,827,410,10,155884,1558840
290,292,356,5,266493,1332465
291,829,333,9,346379,3117411
292,193,138,7,425123,2975861
293,187,437,2,496052,992104
294,114,70,5,262042,1310210
295,633,327,8,268493,2147944
296,718,232,5,129591,647955
297,193,319,8,440888,3527104
298,156,165,1,247594,247594
299,23,26,9,484857,4363713
300,289,96,2,188560,377120
301,733,138,3,425123,1275369
302,239,225,1,369942,369942
303,16,47,3,31517,94551
304,351,253,4,369584,1478336
305,805,216,5,482366,2411830
306,381,410,8,155884,1247072
307,339,238,1,381724,381724
308,58,42,3,364493,1093479
309,74,137,7,15934,111538
310,186,279,8,340266,2722128
311,837,99,5,448104,2240520
312,125,196,1,318129,318129
313,395,499,4,86328,345312
314,254,395,8,169465,1355720
315,204,378,1,426509,426509
316,534,236,2,317863,635726
317,485,341,4,248501,994004
318,331,200,5,237888,1189440
319,763,82,1,353708,353708
320,534,480,9,384207,3457863
321,493,63,5,254690,1273450
322,204,327,5,268493,1342465
323,885,185,1,342375,342375
324,116,342,4,323064,1292256
325,333,121,7,281265,1968855
326,814,8,3,388967,1166901
327,123,142,10,279707,2797070
328,10,203,4,167250,669000
329,596,497,1,283886,283886
330,705,402,8,95797,766376
331,381,306,3,68628,205884
332,255,395,2,169465,338930
333,94,81,8,168865,1350920
334,347,352,10,135165,1351650
335,62,477,1,74176,74176
336,719,183,3,72607,217821
337,129,275,2,92369,184738
338,325,250,4,74945,299780
339,825,286,6,322243,1933458
340,751,457,8,368210,2945680
341,706,99,1,448104,448104
342,742,194,6,271175,1627050
343,41,69,5,228490,1142450
344,573,249,8,409488,3275904
345,714,151,9,320830,2887470
346,581,251,4,291268,1165072
347,357,96,9,188560,1697040
348,282,166,8,240789,1926312
349,882,445,10,344888,3448880
350,71,284,3,128729,386187
351,461,272,3,58790,176370
352,555,152,5,97875,489375
353,1,188,8,271594,2172752
354,389,398,9,462607,4163463
355,20,376,3,267184,801552
356,795,318,6,268645,1611870
357,329,318,4,268645,1074580
358,675,370,2,405767,811534
359,839,496,9,161428,1452852
360,537,199,4,220408,881632
361,785,350,8,31531,252248
362,628,283,3,23244,69732
363,420,145,6,45044,270264
364,114,329,6,94758,568548
365,675,50,9,312433,2811897
366,856,35,1,312935,312935
367,183,481,3,138408,415224
368,207,448,1,97009,97009
369,197,55,8,423651,3389208
370,585,51,1,177259,177259
371,674,329,7,94758,663306
372,639,251,9,291268,2621412
373,263,360,10,30510,305100
374,227,26,6,484857,2909142
375,14,311,2,167157,334314
376,672,477,4,74176,296704
377,480,252,2,440360,880720
378,370,411,1,474636,474636
379,842,286,7,322243,2255701
380,844,189,1,195105,195105
381,542,316,5,72284,361420
382,855,21,2,12297,24594
383,222,156,2,84145,168290
384,100,492,9,347640,3128760
385,545,52,4,418476,1673904
386,198,198,4,383107,1532428
387,584,270,4,46380,185520
388,572,321,3,174167,522501
389,426,384,9,253980,2285820
390,785,383,2,376583,753166
391,367,327,10,268493,2684930
392,720,346,8,274997,2199976
393,107,341,7,248501,1739507
394,564,86,3,395379,1186137
395,346,206,9,247053,2223477
396,547,337,3,133386,400158
397,361,308,8,18780,150240
398,564,463,6,119886,719316
399,423,167,6,173572,1041432
400,846,392,7,82477,577339
401,624,372,6,72456,434736
402,559,124,10,112176,1121760
403,785,110,7,168387,1178709
404,369,282,5,21326,106630
405,459,493,8,67197,537576
406,1,492,7,347640,2433480
407,292,372,1,72456,72456
408,531,306,1,68628,68628
409,7,70,5,262042,1310210
410,220,154,4,362110,1448440
411,23,439,6,161443,968658
412,567,396,5,221510,1107550
413,585,262,9,155004,1395036
414,159,475,10,52679,526790
415,472,49,1,40971,40971
416,142,183,3,72607,217821
417,597,136,6,156789,940734
418,263,128,4,97114,388456
419,95,416,5,396820,1984100
420,583,293,7,276447,1935129
421,752,470,4,37379,149516
422,812,40,6,237460,1424760
423,500,248,3,185775,557325
424,840,423,10,381102,3811020
425,610,465,2,223022,446044
426,39,329,5,94758,473790
427,391,375,10,109363,1093630
428,790,41,1,453502,453502
429,837,172,6,235383,1412298
430,889,223,7,419911,2939377
431,766,62,4,280820,1123280
432,12,335,10,266115,2661150
433,56,325,7,70625,494375
434,43,157,9,250849,2257641
435,579,164,9,327441,2946969
436,515,77,6,452108,2712648
437,157,358,4,211172,844688
438,457,26,7,484857,3393999
439,590,386,10,223387,2233870
440,228,259,2,494355,988710
441,806,222,5,493020,2465100
442,136,202,3,127684,383052
443,488,173,2,195787,391574
444,562,293,1,276447,276447
445,88,205,5,197854,989270
446,445,205,9,197854,1780686
447,781,397,3,220155,660465
448,573,70,8,262042,2096336
449,405,102,8,373416,2987328
450,201,334,10,329066,3290660
451,754,288,10,405076,4050760
452,249,269,4,425032,1700128
453,796,37,5,442095,2210475
454,702,221,6,122722,736332
455,92,474,10,380871,3808710
456,434,58,7,419179,2934253
457,196,188,6,271594,1629564
458,609,165,6,247594,1485564
459,789,336,1,341544,341544
460,359,157,3,250849,752547
461,639,316,8,72284,578272
462,46,75,8,242877,1943016
463,205,474,4,380871,1523484
464,160,351,6,458070,2748420
465,116,388,2,317952,635904
466,249,379,1,83087,83087
467,152,486,10,21638,216380
468,15,445,5,344888,1724440
469,313,176,2,418782,837564
470,24,231,8,63293,506344
471,758,170,4,379507,1518028
472,209,276,4,189311,757244
473,769,280,9,44343,399087
474,495,133,9,487954,4391586
475,712,319,3,440888,1322664
476,386,358,1,211172,211172
477,45,299,9,95521,859689
478,62,131,3,42788,128364
479,809,146,4,283189,1132756
480,278,357,10,265765,2657650
481,671,28,8,481781,3854248
482,69,484,1,372203,372203
483,679,199,5,220408,1102040
484,886,437,6,496052,2976312
485,300,56,1,351584,351584
486,237,445,7,344888,2414216
487,727,195,9,352041,3168369
488,497,51,6,177259,1063554
489,545,444,10,178373,1783730
490,204,46,3,341437,1024311
491,575,257,8,27967,223736
492,41,475,1,52679,52679
493,313,127,9,9052,81468
494,403,171,8,25521,204168
495,19,382,3,316282,948846
496,364,178,6,297533,1785198
497,242,321,5,174167,870835
498,832,257,5,27967,139835
499,900,32,5,55956,279780
500,569,199,1,220408,220408
501,231,486,5,21638,108190
502,403,78,6,230480,1382880
503,90,337,3,133386,400158
504,534,374,7,297464,2082248
505,894,492,10,347640,3476400
506,428,321,4,174167,696668
507,157,124,10,112176,1121760
508,620,219,5,268196,1340980
509,556,169,8,241203,1929624
510,669,68,4,36890,147560
511,555,71,10,43530,435300
512,884,351,4,458070,1832280
513,706,71,5,43530,217650
514,139,362,9,154814,1393326
515,672,221,3,122722,368166
516,162,478,10,244493,2444930
517,571,163,2,342990,685980
518,189,273,2,351512,703024
519,745,163,3,342990,1028970
520,424,16,6,426649,2559894
521,311,493,7,67197,470379
522,156,227,5,240196,1200980
523,110,399,4,375029,1500116
524,27,68,3,36890,110670
525,632,391,10,94397,943970
526,581,137,10,15934,159340
527,611,314,4,70707,282828
528,704,119,4,185969,743876
529,82,14,6,484224,2905344
530,138,353,8,431496,3451968
531,481,258,10,469409,4694090
532,189,365,6,405480,2432880
533,504,437,7,496052,3472364
534,168,243,3,280806,842418
535,34,99,4,448104,1792416
536,277,210,1,462704,462704
537,228,487,7,99362,695534
538,776,381,4,90197,360788
539,182,105,2,301915,603830
540,888,475,8,52679,421432
541,705,316,8,72284,578272
542,253,167,8,173572,1388576
543,795,219,7,268196,1877372
544,753,22,10,243438,2434380
545,738,423,7,381102,2667714
546,627,161,7,24717,173019
547,609,481,10,138408,1384080
548,657,275,9,92369,831321
549,534,449,1,438580,438580
550,468,56,8,351584,2812672
551,899,424,1,362140,362140
552,551,126,9,156753,1410777
553,572,203,1,167250,167250
554,784,199,9,220408,1983672
555,195,323,1,448512,448512
556,408,150,8,139201,1113608
557,793,453,5,141726,708630
558,473,424,5,362140,1810700
559,302,86,7,395379,2767653
560,707,314,1,70707,70707
561,475,265,3,234088,702264
562,93,425,8,7716,61728
563,116,370,9,405767,3651903
564,713,93,10,189363,1893630
565,403,280,3,44343,133029
566,462,212,6,295739,1774434
567,465,13,3,440406,1321218
568,466,303,4,472314,1889256
569,332,47,5,31517,157585
570,736,355,3,266234,798702
571,94,376,2,267184,534368
572,650,59,8,313728,2509824
573,537,186,2,431343,862686
574,745,363,7,449162,3144134
575,627,406,9,122895,1106055
576,388,487,3,99362,298086
577,45,282,7,21326,149282
578,344,394,3,105025,315075
579,167,290,3,169828,509484
580,184,445,3,344888,1034664
581,430,394,1,105025,105025
582,748,158,5,422506,2112530
583,296,394,8,105025,840200
584,121,321,3,174167,522501
585,208,461,3,366910,1100730
586,784,2,10,323276,3232760
587,470,130,1,267281,267281
588,557,255,8,380413,3043304
589,623,414,1,379415,379415
590,244,452,8,174660,1397280
591,676,112,10,468125,4681250
592,420,244,8,209710,1677680
593,616,227,2,240196,480392
594,251,308,1,18780,18780
595,285,452,9,174660,1571940
596,840,318,9,268645,2417805
597,51,423,4,381102,1524408
598,57,95,3,122568,367704
599,38,335,6,266115,1596690
600,684,75,1,242877,242877
601,306,296,10,325799,3257990
602,51,170,2,379507,759014
603,183,56,7,351584,2461088
604,626,83,5,85026,425130
605,587,339,10,366031,3660310
606,182,404,9,324855,2923695
607,768,495,8,442686,3541488
608,37,297,6,109951,659706
609,331,48,5,132700,663500
610,840,189,7,195105,1365735
611,864,35,7,312935,2190545
612,300,282,2,21326,42652
613,125,242,3,279456,838368
614,338,356,5,266493,1332465
615,538,270,7,46380,324660
616,627,108,4,202234,808936
617,586,30,2,78283,156566
618,90,374,9,297464,2677176
619,808,248,10,185775,1857750
620,438,362,5,154814,774070
621,266,312,6,280615,1683690
622,639,270,10,46380,463800
623,630,182,3,348961,1046883
624,533,289,8,282589,2260712
625,505,374,8,297464,2379712
626,625,414,3,379415,1138245
627,199,120,5,153502,767510
628,25,1,2,441647,883294
629,756,239,2,230044,460088
630,819,435,4,494644,1978576
631,424,316,7,72284,505988
632,359,24,6,61804,370824
633,12,287,4,199492,797968
634,707,328,4,315278,1261112
635,810,145,5,45044,225220
636,308,35,5,312935,1564675
637,332,260,9,432507,3892563
638,117,393,1,21552,21552
639,350,352,6,135165,810990
640,631,203,10,167250,1672500
641,853,492,1,347640,347640
642,339,90,4,190387,761548
643,689,427,6,255320,1531920
644,817,246,8,200717,1605736
645,494,19,3,448413,1345239
646,886,80,8,214049,1712392
647,474,275,6,92369,554214
648,761,402,7,95797,670579
649,307,29,9,345388,3108492
650,569,290,6,169828,1018968
651,214,275,1,92369,92369
652,819,296,6,325799,1954794
653,68,470,6,37379,224274
654,288,497,3,283886,851658
655,348,431,1,346992,346992
656,863,193,9,447723,4029507
657,621,85,10,53879,538790
658,610,200,3,237888,713664
659,723,60,5,96355,481775
660,727,440,6,491777,2950662
661,424,17,5,44478,222390
662,899,45,8,53063,424504
663,463,122,6,28811,172866
664,222,425,5,7716,38580
665,180,269,5,425032,2125160
666,804,58,6,419179,2515074
667,95,20,4,52344,209376
668,26,228,9,479930,4319370
669,513,410,8,155884,1247072
670,349,79,4,221957,887828
671,751,473,8,65943,527544
672,318,448,9,97009,873081
673,147,398,6,462607,2775642
674,842,394,2,105025,210050
675,693,481,9,138408,1245672
676,742,68,4,36890,147560
677,397,19,8,448413,3587304
678,119,366,9,28720,258480
679,46,3,5,119821,599105
680,893,352,10,135165,1351650
681,479,45,6,53063,318378
682,106,456,1,142129,142129
683,24,267,5,102946,514730
684,655,296,5,325799,1628995
685,329,457,4,368210,1472840
686,294,103,4,488151,1952604
687,327,142,9,279707,2517363
688,688,396,8,221510,1772080
689,153,61,5,71457,357285
690,118,81,5,168865,844325
691,574,8,10,388967,3889670
692,212,264,2,148244,296488
693,563,278,6,327359,1964154
694,145,164,5,327441,1637205
695,588,483,5,28744,143720
696,73,126,3,156753,470259
697,347,160,10,167743,1677430
698,52,277,8,386060,3088480
699,483,67,1,245146,245146
700,109,463,1,119886,119886
701,89,197,1,90064,90064
702,184,219,7,268196,1877372
703,607,361,10,264467,2644670
704,632,323,8,448512,3588096
705,341,183,5,72607,363035
706,731,419,4,76970,307880
707,81,389,9,348718,3138462
708,582,499,8,86328,690624
709,833,68,2,36890,73780
710,100,411,8,474636,3797088
711,701,234,5,339994,1699970
712,482,330,8,446728,3573824
713,148,119,4,185969,743876
714,265,441,10,243209,2432090
715,402,468,6,280516,1683096
716,808,94,6,86123,516738
717,465,441,6,243209,1459254
718,67,250,1,74945,74945
719,360,244,2,209710,419420
720,867,246,8,200717,1605736
721,787,88,5,312476,1562380
722,589,179,10,153974,1539740
723,106,66,9,327493,2947437
724,334,208,2,89965,179930
725,812,285,2,194871,389742
726,473,155,9,458114,4123026
727,424,206,10,247053,2470530
728,250,123,10,319218,3192180
729,494,281,3,195479,586437
730,349,197,2,90064,180128
731,442,107,10,53107,531070
732,581,402,7,95797,670579
733,558,404,6,324855,1949130
734,178,356,4,266493,1065972
735,758,340,2,235479,470958
736,857,477,10,74176,741760
737,607,250,2,74945,149890
738,334,306,8,68628,549024
739,842,285,2,194871,389742
740,316,228,3,479930,1439790
741,72,490,7,460931,3226517
742,702,307,2,129117,258234
743,790,417,10,110941,1109410
744,336,420,7,132117,924819
745,93,254,1,430458,430458
746,595,112,3,468125,1404375
747,776,463,1,119886,119886
748,464,76,3,56998,170994
749,400,273,5,351512,1757560
750,458,316,10,72284,722840
751,698,101,4,20179,80716
752,307,450,6,50475,302850
753,446,292,5,390705,1953525
754,92,368,6,195066,1170396
755,627,299,1,95521,95521
756,868,262,7,155004,1085028
757,64,66,5,327493,1637465
758,55,190,9,117298,1055682
759,841,1,9,441647,3974823
760,882,184,2,167310,334620
761,241,145,1,45044,45044
762,404,222,10,493020,4930200
763,729,321,6,174167,1045002
764,391,196,7,318129,2226903
765,217,223,9,419911,3779199
766,487,340,3,235479,706437
767,569,72,4,323923,1295692
768,861,197,6,90064,540384
769,296,214,3,148021,444063
770,138,447,3,419589,1258767
771,664,6,2,166969,333938
772,739,9,3,481906,1445718
773,674,454,8,239218,1913744
774,87,224,3,25081,75243
775,881,71,7,43530,304710
776,436,234,10,339994,3399940
777,466,320,3,164448,493344
778,566,261,7,137809,964663
779,394,420,8,132117,1056936
780,191,182,4,348961,1395844
781,8,218,10,222525,2225250
782,868,296,8,325799,2606392
783,730,375,4,109363,437452
784,421,257,5,27967,139835
785,591,475,9,52679,474111
786,39,188,1,271594,271594
787,722,291,8,135868,1086944
788,595,189,2,195105,390210
789,146,247,2,192220,384440
790,880,374,9,297464,2677176
791,477,385,5,198125,990625
792,536,265,2,234088,468176
793,91,456,10,142129,1421290
794,646,126,8,156753,1254024
795,701,380,2,176948,353896
796,818,325,9,70625,635625
797,628,297,5,109951,549755
798,548,28,6,481781,2890686
799,481,399,1,375029,375029
800,481,233,9,30034,270306
801,432,294,6,142246,853476
802,297,181,5,485639,2428195
803,712,86,1,395379,395379
804,768,473,10,65943,659430
805,267,156,10,84145,841450
806,593,32,8,55956,447648
807,53,87,10,430600,4306000
808,829,337,5,133386,666930
809,28,378,10,426509,4265090
810,85,147,8,479964,3839712
811,79,65,9,241981,2177829
812,259,436,5,418118,2090590
813,288,68,10,36890,368900
814,15,141,5,132567,662835
815,619,380,2,176948,353896
816,757,90,10,190387,1903870
817,379,78,8,230480,1843840
818,268,414,3,379415,1138245
819,497,401,4,280501,1122004
820,883,93,9,189363,1704267
821,87,17,6,44478,266868
822,610,496,3,161428,484284
823,858,479,3,297970,893910
824,789,254,7,430458,3013206
825,677,197,4,90064,360256
826,216,226,3,402851,1208553
827,56,296,6,325799,1954794
828,774,329,5,94758,473790
829,54,420,2,132117,264234
830,409,86,8,395379,3163032
831,488,244,5,209710,1048550
832,240,383,9,376583,3389247
833,486,195,7,352041,2464287
834,544,135,3,376981,1130943
835,13,446,7,12384,86688
836,392,148,8,189077,1512616
837,543,348,6,69236,415416
838,100,350,1,31531,31531
839,653,470,9,37379,336411
840,626,182,7,348961,2442727
841,344,471,5,305260,1526300
842,822,139,5,441221,2206105
843,671,51,5,177259,886295
844,473,300,7,51027,357189
845,752,396,4,221510,886040
846,789,345,10,214042,2140420
847,346,100,9,324288,2918592
848,321,347,3,172308,516924
849,689,281,1,195479,195479
850,13,5,2,334382,668764
851,538,211,2,341162,682324
852,360,54,8,73153,585224
853,258,113,5,87528,437640
854,25,99,1,448104,448104
855,59,318,2,268645,537290
856,673,481,10,138408,1384080
857,614,458,4,355112,1420448
858,726,327,2,268493,536986
859,89,491,2,47074,94148
860,134,439,10,161443,1614430
861,823,193,10,447723,4477230
862,114,496,3,161428,484284
863,260,357,3,265765,797295
864,677,151,8,320830,2566640
865,655,480,2,384207,768414
866,788,233,5,30034,150170
867,264,219,6,268196,1609176
868,284,83,2,85026,170052
869,392,398,1,462607,462607
870,62,199,6,220408,1322448
871,183,133,5,487954,2439770
872,504,226,2,402851,805702
873,625,476,4,428987,1715948
874,661,202,3,127684,383052
875,148,252,2,440360,880720
876,224,277,7,386060,2702420
877,453,315,2,240916,481832
878,106,367,5,303991,1519955
879,73,18,2,455961,911922
880,796,293,5,276447,1382235
881,510,229,1,139177,139177
882,39,77,1,452108,452108
883,273,341,7,248501,1739507
884,401,78,6,230480,1382880
885,528,295,1,374118,374118
886,490,363,8,449162,3593296
887,865,224,7,25081,175567
888,554,373,2,200663,401326
889,394,116,1,259626,259626
890,125,489,8,201325,1610600
891,368,291,9,135868,1222812
892,411,171,5,25521,127605
893,375,29,2,345388,690776
894,83,274,6,238788,1432728
895,779,431,8,346992,2775936
896,664,393,5,21552,107760
897,568,104,3,8201,24603
898,677,21,7,12297,86079
899,713,98,5,305993,1529965
900,646,200,2,237888,475776
901,499,353,6,431496,2588976
902,753,44,8,104514,836112
903,37,98,3,305993,917979
904,738,99,1,448104,448104
905,501,304,4,378192,1512768
906,812,200,2,237888,475776
907,512,277,5,386060,1930300
908,17,274,8,238788,1910304
909,58,19,6,448413,2690478
910,416,173,1,195787,195787
911,827,61,4,71457,285828
912,470,335,9,266115,2395035
913,153,482,9,396016,3564144
914,239,380,10,176948,1769480
915,38,474,2,380871,761742
916,501,377,3,25402,76206
917,483,335,1,266115,266115
918,47,465,10,223022,2230220
919,15,125,3,407312,1221936
920,315,89,1,356279,356279
921,468,421,2,339466,678932
922,856,313,3,436666,1309998
923,838,303,2,472314,944628
924,117,419,2,76970,153940
925,819,255,10,380413,3804130
926,65,316,4,72284,289136
927,437,412,4,410308,1641232
928,333,173,7,195787,1370509
929,559,62,10,280820,2808200
930,857,71,6,43530,261180
931,783,494,4,282265,1129060
932,178,24,10,61804,618040
933,124,172,2,235383,470766
934,776,141,3,132567,397701
935,714,213,3,154455,463365
936,169,190,9,117298,1055682
937,596,225,4,369942,1479768
938,103,21,3,12297,36891
939,386,406,10,122895,1228950
940,17,399,3,375029,1125087
941,83,451,8,101878,815024
942,184,4,1,330525,330525
943,724,475,2,52679,105358
944,291,334,10,329066,3290660
945,709,214,8,148021,1184168
946,147,65,4,241981,967924
947,536,328,5,315278,1576390
948,245,231,7,63293,443051
949,626,481,3,138408,415224
950,611,355,1,266234,266234
951,627,93,8,189363,1514904
952,643,487,2,99362,198724
953,357,424,5,362140,1810700
954,572,215,1,440707,440707
955,121,121,4,281265,1125060
956,634,272,2,58790,117580
957,520,186,9,431343,3882087
958,789,113,8,87528,700224
959,284,321,4,174167,696668
960,116,28,4,481781,1927124
961,702,408,3,171220,513660
962,510,433,8,483795,3870360
963,687,91,3,460130,1380390
964,56,473,1,65943,65943
965,292,331,6,437661,2625966
966,258,108,7,202234,1415638
967,825,172,10,235383,2353830
968,45,456,8,142129,1137032
969,551,54,1,73153,73153
970,805,91,3,460130,1380390
971,528,15,8,427832,3422656
972,241,60,2,96355,192710
973,607,370,8,405767,3246136
974,430,297,6,109951,659706
975,236,102,6,373416,2240496
976,334,399,2,375029,750058
977,243,117,2,222151,444302
978,891,378,7,426509,2985563
979,226,103,7,488151,3417057
980,600,38,8,497334,3978672
981,447,249,1,409488,409488
982,625,75,4,242877,971508
983,397,233,3,30034,90102
984,469,192,3,86235,258705
985,648,369,4,43551,174204
986,208,184,5,167310,836550
987,33,172,3,235383,706149
988,62,355,10,266234,2662340
989,114,144,3,121167,363501
990,470,437,8,496052,3968416
991,779,215,3,440707,1322121
992,303,176,4,418782,1675128
993,809,310,3,325837,977511
994,175,407,10,374571,3745710
995,876,296,9,325799,2932191
996,422,118,2,400807,801614
997,501,439,9,161443,1452987
998,606,442,4,471228,1884912
999,286,243,8,280806,2246448
1000,754,8,7,388967,2722769
1001,254,447,4,419589,1678356
1002,594,168,7,267860,1875020
1003,153,114,10,358353,3583530
1004,6,468,10,280516,2805160
1005,42,214,1,148021,148021
1006,35,241,9,103206,928854
1007,404,218,9,222525,2002725
1008,464,246,2,200717,401434
1009,86,254,4,430458,1721832
1010,710,286,1,322243,322243
1011,224,375,7,109363,765541
1012,303,68,6,36890,221340
1013,17,123,2,319218,638436
1014,166,246,5,200717,1003585
1015,879,361,8,264467,2115736
1016,25,293,10,276447,2764470
1017,475,500,8,496473,3971784
1018,896,396,3,221510,664530
1019,190,361,7,264467,1851269
1020,642,405,6,134247,805482
1021,882,238,1,381724,381724
1022,395,322,2,186415,372830
1023,544,458,6,355112,2130672
1024,437,17,5,44478,222390
1025,715,386,5,223387,1116935
1026,556,485,10,494990,4949900
1027,807,295,4,374118,1496472
1028,636,351,2,458070,916140
1029,754,451,6,101878,611268
1030,528,478,1,244493,244493
1031,53,485,6,494990,2969940
1032,375,57,7,74102,518714
1033,42,239,10,230044,2300440
1034,180,188,6,271594,1629564
1035,722,332,9,47584,428256
1036,727,35,9,312935,2816415
1037,142,397,4,220155,880620
1038,553,172,4,235383,941532
1039,756,59,8,313728,2509824
1040,893,481,10,138408,1384080
1041,772,492,4,347640,1390560
1042,329,382,4,316282,1265128
1043,516,181,5,485639,2428195
1044,284,349,7,134980,944860
1045,382,28,2,481781,963562
1046,498,177,8,39556,316448
1047,850,257,9,27967,251703
1048,727,63,8,254690,2037520
1049,300,273,9,351512,3163608
1050,377,232,10,129591,1295910
1051,193,410,2,155884,311768
1052,90,457,8,368210,2945680
1053,184,42,7,364493,2551451
1054,112,148,2,189077,378154
1055,115,85,5,53879,269395
1056,509,357,3,265765,797295
1057,534,78,4,230480,921920
1058,301,488,1,406514,406514
1059,136,214,9,148021,1332189
1060,431,243,6,280806,1684836
1061,299,228,1,479930,479930
1062,23,97,2,65232,130464
1063,855,447,4,419589,1678356
1064,661,486,9,21638,194742
1065,593,172,7,235383,1647681
1066,498,176,6,418782,2512692
1067,863,304,9,378192,3403728
1068,469,281,8,195479,1563832
1069,136,156,10,84145,841450
1070,176,460,5,364700,1823500
1071,233,405,5,134247,671235
1072,296,248,6,185775,1114650
1073,152,395,1,169465,169465
1074,467,181,5,485639,2428195
1075,634,490,3,460931,1382793
1076,729,474,3,380871,1142613
1077,187,275,5,92369,461845
1078,860,499,3,86328,258984
1079,166,363,3,449162,1347486
1080,43,122,2,28811,57622
1081,130,163,10,342990,3429900
1082,379,226,5,402851,2014255
1083,576,95,4,122568,490272
1084,682,363,1,449162,449162
1085,152,163,6,342990,2057940
1086,553,191,8,105666,845328
1087,547,500,3,496473,1489419
1088,26,155,2,458114,916228
1089,787,208,8,89965,719720
1090,328,75,8,242877,1943016
1091,757,80,1,214049,214049
1092,340,280,9,44343,399087
1093,486,332,5,47584,237920
1094,773,459,5,165854,829270
1095,819,294,3,142246,426738
1096,347,290,8,169828,1358624
1097,750,353,2,431496,862992
1098,143,246,1,200717,200717
1099,120,348,9,69236,623124
1100,412,158,1,422506,422506
1101,457,317,4,407538,1630152
1102,335,183,2,72607,145214
1103,657,29,10,345388,3453880
1104,540,100,10,324288,3242880
1105,201,114,5,358353,1791765
1106,552,12,2,283319,566638
1107,694,435,8,494644,3957152
1108,525,344,2,389932,779864
1109,503,202,4,127684,510736
1110,620,163,10,342990,3429900
1111,683,262,1,155004,155004
1112,152,185,7,342375,2396625
1113,379,367,7,303991,2127937
1114,13,198,6,383107,2298642
1115,360,146,6,283189,1699134
1116,896,158,8,422506,3380048
1117,221,288,2,405076,810152
1118,760,373,8,200663,1605304
1119,296,213,8,154455,1235640
1120,747,84,7,40197,281379
1121,143,459,7,165854,1160978
1122,613,428,10,401315,4013150
1123,213,45,3,53063,159189
1124,889,156,8,84145,673160
1125,68,269,6,425032,2550192
1126,775,478,10,244493,2444930
1127,7,193,2,447723,895446
1128,425,210,5,462704,2313520
1129,474,90,9,190387,1713483
1130,774,364,10,75220,752200
1131,205,469,3,45948,137844
1132,297,96,7,188560,1319920
1133,44,284,8,128729,1029832
1134,855,422,5,57532,287660
1135,506,300,5,51027,255135
1136,230,287,8,199492,1595936
1137,158,14,1,484224,484224
1138,656,135,5,376981,1884905
1139,128,428,8,401315,3210520
1140,428,335,5,266115,1330575
1141,705,92,8,155800,1246400
1142,30,331,4,437661,1750644
1143,505,62,5,280820,1404100
1144,614,497,2,283886,567772
1145,596,382,6,316282,1897692
1146,447,247,10,192220,1922200
1147,644,445,5,344888,1724440
1148,711,352,8,135165,1081320
1149,383,419,2,76970,153940
1150,18,263,10,458927,4589270
1151,167,433,5,483795,2418975
1152,150,298,1,452126,452126
1153,900,164,8,327441,2619528
1154,366,355,3,266234,798702
1155,280,84,1,40197,40197
1156,652,185,7,342375,2396625
1157,50,467,6,404433,2426598
1158,543,149,5,128872,644360
1159,527,328,2,315278,630556
1160,784,100,3,324288,972864
1161,771,49,10,40971,409710
1162,331,86,9,395379,3558411
1163,847,447,6,419589,2517534
1164,278,433,5,483795,2418975
1165,99,351,6,458070,2748420
1166,361,274,10,238788,2387880
1167,14,422,3,57532,172596
1168,289,71,9,43530,391770
1169,422,191,8,105666,845328
1170,105,175,3,360937,1082811
1171,516,112,3,468125,1404375
1172,815,114,4,358353,1433412
1173,629,460,9,364700,3282300
1174,867,354,9,104527,940743
1175,720,273,9,351512,3163608
1176,428,388,2,317952,635904
1177,120,236,2,317863,635726
1178,18,420,3,132117,396351
1179,320,246,6,200717,1204302
1180,143,354,6,104527,627162
1181,612,419,8,76970,615760
1182,177,268,6,197595,1185570
1183,30,364,5,75220,376100
1184,228,382,2,316282,632564
1185,705,66,3,327493,982479
1186,129,117,5,222151,1110755
1187,81,108,3,202234,606702
1188,80,218,2,222525,445050
1189,776,10,8,396895,3175160
1190,202,221,1,122722,122722
1191,813,56,1,351584,351584
1192,608,338,9,160941,1448469
1193,122,31,8,164574,1316592
1194,45,466,5,402069,2010345
1195,684,34,5,356527,1782635
1196,802,6,2,166969,333938
1197,211,64,10,274084,2740840
1198,190,301,4,355140,1420560
1199,30,344,6,389932,2339592
1200,867,47,3,31517,94551
1201,594,383,5,376583,1882915
1202,165,179,6,153974,923844
1203,800,438,9,464665,4181985
1204,248,374,10,297464,2974640
1205,70,259,10,494355,4943550
1206,782,51,10,177259,1772590
1207,223,8,9,388967,3500703
1208,289,367,4,303991,1215964
1209,5,88,9,312476,2812284
1210,220,499,2,86328,172656
1211,872,472,9,91264,821376
1212,376,363,8,449162,3593296
1213,190,358,10,211172,2111720
1214,186,226,2,402851,805702
1215,389,428,6,401315,2407890
1216,527,218,4,222525,890100
1217,116,117,7,222151,1555057
1218,127,390,6,383221,2299326
1219,533,239,2,230044,460088
1220,781,70,8,262042,2096336
1221,571,185,5,342375,1711875
1222,85,370,1,405767,405767
1223,119,168,8,267860,2142880
1224,468,198,5,383107,1915535
1225,704,308,5,18780,93900
1226,232,500,8,496473,3971784
1227,298,284,7,128729,901103
1228,194,438,7,464665,3252655
1229,862,439,2,161443,322886
1230,696,411,8,474636,3797088
1231,14,189,3,195105,585315
1232,689,346,8,274997,2199976
1233,449,54,7,73153,512071
1234,123,268,2,197595,395190
1235,411,74,7,204703,1432921
1236,105,356,10,266493,2664930
1237,67,380,3,176948,530844
1238,347,187,4,343703,1374812
1239,865,103,10,488151,4881510
1240,239,207,2,412961,825922
1241,743,430,7,481020,3367140
1242,784,256,5,24390,121950
1243,608,366,10,28720,287200
1244,365,140,7,51205,358435
1245,415,244,10,209710,2097100
1246,286,249,9,409488,3685392
1247,111,76,8,56998,455984
1248,502,63,5,254690,1273450
1249,644,255,4,380413,1521652
1250,31,483,3,28744,86232
1251,851,51,1,177259,177259
1252,695,35,8,312935,2503480
1253,392,14,3,484224,1452672
1254,157,310,6,325837,1955022
1255,639,156,10,84145,841450
1256,677,50,2,312433,624866
1257,786,385,9,198125,1783125
1258,207,253,8,369584,2956672
1259,503,151,8,320830,2566640
1260,556,259,5,494355,2471775
1261,560,176,9,418782,3769038
1262,441,10,1,396895,396895
1263,393,451,2,101878,203756
1264,874,231,6,63293,379758
1265,471,193,8,447723,3581784
1266,182,19,1,448413,448413
1267,724,286,5,322243,1611215
1268,442,85,8,53879,431032
1269,733,69,5,228490,1142450
1270,783,200,8,237888,1903104
1271,692,57,10,74102,741020
1272,702,252,9,440360,3963240
1273,482,277,10,386060,3860600
1274,875,244,9,209710,1887390
1275,58,81,9,168865,1519785
1276,507,201,5,399469,1997345
1277,632,303,7,472314,3306198
1278,785,347,6,172308,1033848
1279,63,146,6,283189,1699134
1280,47,15,10,427832,4278320
1281,358,66,6,327493,1964958
1282,28,415,10,489447,4894470
1283,390,392,6,82477,494862
1284,354,50,7,312433,2187031
1285,360,183,7,72607,508249
1286,254,29,4,345388,1381552
1287,607,121,5,281265,1406325
1288,890,44,2,104514,209028
1289,346,157,2,250849,501698
1290,552,87,1,430600,430600
1291,472,167,1,173572,173572
1292,582,337,7,133386,933702
1293,274,264,7,148244,1037708
1294,603,11,8,110274,882192
1295,387,12,6,283319,1699914
1296,331,293,7,276447,1935129
1297,828,294,2,142246,284492
1298,708,251,2,291268,582536
1299,345,346,4,274997,1099988
1300,831,255,9,380413,3423717
1301,171,392,6,82477,494862
1302,373,315,5,240916,1204580
1303,207,497,7,283886,1987202
1304,861,255,2,380413,760826
1305,220,436,9,418118,3763062
1306,49,148,5,189077,945385
1307,412,153,10,248245,2482450
1308,640,412,4,410308,1641232
1309,735,381,2,90197,180394
1310,98,433,10,483795,4837950
1311,280,304,6,378192,2269152
1312,821,35,10,312935,3129350
1313,438,272,8,58790,470320
1314,815,108,6,202234,1213404
1315,517,40,5,237460,1187300
1316,444,412,5,410308,2051540
1317,321,340,9,235479,2119311
1318,412,103,7,488151,3417057
1319,528,129,10,284226,2842260
1320,185,233,9,30034,270306
1321,643,452,1,174660,174660
1322,884,361,9,264467,2380203
1323,512,96,10,188560,1885600
1324,275,110,8,168387,1347096
1325,829,480,9,384207,3457863
1326,580,315,7,240916,1686412
1327,535,373,1,200663,200663
1328,474,103,6,488151,2928906
1329,155,76,4,56998,227992
1330,865,383,5,376583,1882915
1331,327,223,7,419911,2939377
1332,650,441,2,243209,486418
1333,274,105,7,301915,2113405
1334,662,422,5,57532,287660
1335,704,83,5,85026,425130
1336,416,308,4,18780,75120
1337,154,123,2,319218,638436
1338,252,99,1,448104,448104
1339,476,409,5,298856,1494280
1340,447,249,9,409488,3685392
1341,207,217,1,468800,468800
1342,140,82,5,353708,1768540
1343,809,15,5,427832,2139160
1344,675,412,5,410308,2051540
1345,660,282,3,21326,63978
1346,740,437,1,496052,496052
1347,57,249,1,409488,409488
1348,322,441,2,243209,486418
1349,888,309,5,250055,1250275
1350,373,33,7,208762,1461334
1351,407,344,2,389932,779864
1352,242,483,3,28744,86232
1353,753,58,10,419179,4191790
1354,535,257,2,27967,55934
1355,794,341,10,248501,2485010
1356,258,477,9,74176,667584
1357,244,255,2,380413,760826
1358,792,308,2,18780,37560
1359,338,414,6,379415,2276490
1360,755,427,10,255320,2553200
1361,434,200,4,237888,951552
1362,110,112,3,468125,1404375
1363,282,90,4,190387,761548
1364,261,226,7,402851,2819957
1365,58,442,10,471228,4712280
1366,384,252,9,440360,3963240
1367,325,359,2,131211,262422
1368,487,280,7,44343,310401
1369,285,350,4,31531,126124
1370,372,451,3,101878,305634
1371,842,244,6,209710,1258260
1372,661,158,1,422506,422506
1373,36,496,10,161428,1614280
1374,708,431,1,346992,346992
1375,260,470,4,37379,149516
1376,317,283,7,23244,162708
1377,832,328,6,315278,1891668
1378,548,351,2,458070,916140
1379,879,444,4,178373,713492
1380,9,227,7,240196,1681372
1381,262,466,7,402069,2814483
1382,843,155,2,458114,916228
1383,305,388,4,317952,1271808
1384,450,108,3,202234,606702
1385,832,324,6,107918,647508
1386,809,393,7,21552,150864
1387,888,18,5,455961,2279805
1388,483,42,8,364493,2915944
1389,862,378,7,426509,2985563
1390,898,171,7,25521,178647
1391,845,471,2,305260,610520
1392,519,83,5,85026,425130
1393,431,34,6,356527,2139162
1394,756,309,9,250055,2250495
1395,712,168,8,267860,2142880
1396,657,15,1,427832,427832
1397,646,329,3,94758,284274
1398,4,228,3,479930,1439790
1399,644,206,4,247053,988212
1400,590,157,6,250849,1505094
1401,162,43,2,36745,73490
1402,731,128,9,97114,874026
1403,868,497,3,283886,851658
1404,812,305,7,421125,2947875
1405,463,481,6,138408,830448
1406,267,245,3,27824,83472
1407,847,89,10,356279,3562790
1408,204,168,5,267860,1339300
1409,377,44,7,104514,731598
1410,898,94,7,86123,602861
1411,230,194,10,271175,2711750
1412,572,11,1,110274,110274
1413,642,332,10,47584,475840
1414,474,118,2,400807,801614
1415,719,102,5,373416,1867080
1416,51,437,3,496052,1488156
1417,440,206,10,247053,2470530
1418,153,308,5,18780,93900
1419,175,46,6,341437,2048622
1420,121,485,10,494990,4949900
1421,446,8,9,388967,3500703
1422,848,396,8,221510,1772080
1423,122,345,8,214042,1712336
1424,196,115,4,237318,949272
1425,295,485,5,494990,2474950
1426,392,383,8,376583,3012664
1427,877,67,7,245146,1716022
1428,221,106,10,41482,414820
1429,745,422,5,57532,287660
1430,429,347,4,172308,689232
1431,812,93,7,189363,1325541
1432,298,75,1,242877,242877
1433,242,500,5,496473,2482365
1434,255,317,8,407538,3260304
1435,701,190,10,117298,1172980
1436,88,332,8,47584,380672
1437,137,6,8,166969,1335752
1438,710,447,6,419589,2517534
1439,731,204,4,478942,1915768
1440,754,197,7,90064,630448
1441,75,306,5,68628,343140
1442,61,49,9,40971,368739
1443,241,27,6,344556,2067336
1444,621,242,6,279456,1676736
1445,727,481,10,138408,1384080
1446,6,384,1,253980,253980
1447,635,130,9,267281,2405529
1448,405,196,5,318129,1590645
1449,136,344,6,389932,2339592
1450,43,496,9,161428,1452852
1451,267,298,3,452126,1356378
1452,505,87,9,430600,3875400
1453,899,477,6,74176,445056
1454,92,240,3,131124,393372
1455,444,163,9,342990,3086910
1456,120,73,5,71160,355800
1457,131,161,1,24717,24717
1458,766,256,5,24390,121950
1459,290,185,7,342375,2396625
1460,628,463,5,119886,599430
1461,530,425,5,7716,38580
1462,169,161,7,24717,173019
1463,783,162,8,441048,3528384
1464,570,487,3,99362,298086
1465,55,437,8,496052,3968416
1466,56,97,3,65232,195696
1467,37,118,3,400807,1202421
1468,168,241,5,103206,516030
1469,447,362,8,154814,1238512
1470,42,60,8,96355,770840
1471,727,227,6,240196,1441176
1472,469,288,8,405076,3240608
1473,867,253,2,369584,739168
1474,127,369,3,43551,130653
1475,209,179,2,153974,307948
1476,185,445,5,344888,1724440
1477,768,428,3,401315,1203945
1478,577,261,5,137809,689045
1479,218,457,10,368210,3682100
1480,539,299,1,95521,95521
1481,185,393,10,21552,215520
1482,253,214,2,148021,296042
1483,694,394,8,105025,840200
1484,27,49,6,40971,245826
1485,404,146,2,283189,566378
1486,109,192,10,86235,862350
1487,158,429,6,154639,927834
1488,472,15,2,427832,855664
1489,465,426,8,218336,1746688
1490,609,322,5,186415,932075
1491,338,337,1,133386,133386
1492,672,497,1,283886,283886
1493,333,319,8,440888,3527104
1494,133,486,10,21638,216380
1495,821,109,1,183727,183727
1496,331,330,5,446728,2233640
1497,762,409,1,298856,298856
1498,617,37,9,442095,3978855
1499,409,196,2,318129,636258
1500,246,131,3,42788,128364
1501,92,495,7,442686,3098802
1502,167,11,4,110274,441096
1503,292,199,7,220408,1542856
1504,124,332,3,47584,142752
1505,821,153,8,248245,1985960
1506,702,222,5,493020,2465100
1507,368,309,3,250055,750165
1508,853,341,2,248501,497002
1509,205,189,9,195105,1755945
1510,398,251,8,291268,2330144
1511,577,244,5,209710,1048550
1512,93,308,7,18780,131460
1513,831,388,7,317952,2225664
1514,191,189,10,195105,1951050
1515,96,223,7,419911,2939377
1516,350,21,9,12297,110673
1517,693,499,8,86328,690624
1518,508,115,3,237318,711954
1519,86,270,9,46380,417420
1520,448,149,8,128872,1030976
1521,308,41,8,453502,3628016
1522,701,77,3,452108,1356324
1523,862,463,5,119886,599430
1524,438,128,9,97114,874026
1525,49,152,10,97875,978750
1526,47,283,2,23244,46488
1527,523,263,2,458927,917854
1528,97,218,7,222525,1557675
1529,833,238,10,381724,3817240
1530,261,130,6,267281,1603686
1531,788,300,2,51027,102054
1532,117,258,1,469409,469409
1533,184,380,8,176948,1415584
1534,864,403,3,291404,874212
1535,86,202,1,127684,127684
1536,322,214,5,148021,740105
1537,776,301,8,355140,2841120
1538,639,344,8,389932,3119456
1539,350,414,5,379415,1897075
1540,217,495,3,442686,1328058
1541,765,95,2,122568,245136
1542,893,310,5,325837,1629185
1543,445,345,2,214042,428084
1544,6,274,1,238788,238788
1545,14,203,2,167250,334500
1546,472,88,8,312476,2499808
1547,890,355,7,266234,1863638
1548,744,337,10,133386,1333860
1549,634,250,5,74945,374725
1550,370,417,10,110941,1109410
1551,824,354,7,104527,731689
1552,129,155,2,458114,916228
1553,196,70,1,262042,262042
1554,713,58,1,419179,419179
1555,880,497,4,283886,1135544
1556,493,14,4,484224,1936896
1557,666,333,3,346379,1039137
1558,863,124,7,112176,785232
1559,196,321,9,174167,1567503
1560,789,45,5,53063,265315
1561,486,238,3,381724,1145172
1562,120,217,1,468800,468800
1563,757,86,3,395379,1186137
1564,497,360,8,30510,244080
1565,881,242,1,279456,279456
1566,249,231,10,63293,632930
1567,584,104,5,8201,41005
1568,53,425,7,7716,54012
1569,106,171,1,25521,25521
1570,426,323,7,448512,3139584
1571,755,435,8,494644,3957152
1572,749,297,10,109951,1099510
1573,38,284,5,128729,643645
1574,498,250,7,74945,524615
1575,743,263,10,458927,4589270
1576,238,314,8,70707,565656
1577,541,366,1,28720,28720
1578,591,10,7,396895,2778265
1579,66,162,9,441048,3969432
1580,485,138,7,425123,2975861
1581,638,60,8,96355,770840
1582,460,481,6,138408,830448
1583,22,358,7,211172,1478204
1584,744,83,5,85026,425130
1585,353,99,8,448104,3584832
1586,520,225,4,369942,1479768
1587,702,113,10,87528,875280
1588,874,174,10,208117,2081170
1589,135,432,8,285573,2284584
1590,741,453,5,141726,708630
1591,427,365,7,405480,2838360
1592,816,427,6,255320,1531920
1593,637,242,3,279456,838368
1594,708,107,5,53107,265535
1595,684,384,2,253980,507960
1596,178,248,3,185775,557325
1597,621,103,3,488151,1464453
1598,813,252,2,440360,880720
1599,311,213,8,154455,1235640
1600,571,121,4,281265,1125060
1601,368,25,1,252189,252189
1602,366,452,5,174660,873300
1603,179,347,3,172308,516924
1604,33,424,9,362140,3259260
1605,346,414,2,379415,758830
1606,633,221,2,122722,245444
1607,576,117,2,222151,444302
1608,265,115,8,237318,1898544
1609,788,175,6,360937,2165622
1610,274,24,9,61804,556236
1611,874,459,3,165854,497562
1612,619,354,9,104527,940743
1613,724,343,2,456666,913332
1614,819,26,8,484857,3878856
1615,109,235,2,37929,75858
1616,625,401,10,280501,2805010
1617,844,401,2,280501,561002
1618,520,288,1,405076,405076
1619,646,54,3,73153,219459
1620,371,61,4,71457,285828
1621,726,81,5,168865,844325
1622,511,227,9,240196,2161764
1623,158,376,2,267184,534368
1624,343,332,6,47584,285504
1625,126,420,3,132117,396351
1626,450,435,4,494644,1978576
1627,788,497,7,283886,1987202
1628,252,394,1,105025,105025
1629,350,428,8,401315,3210520
1630,176,147,9,479964,4319676
1631,382,44,5,104514,522570
1632,370,367,7,303991,2127937
1633,156,323,4,448512,1794048
1634,432,386,9,223387,2010483
1635,142,404,4,324855,1299420
1636,424,411,7,474636,3322452
1637,470,471,7,305260,2136820
1638,814,488,9,406514,3658626
1639,31,350,6,31531,189186
1640,789,227,3,240196,720588
1641,72,6,9,166969,1502721
1642,323,44,6,104514,627084
1643,445,206,3,247053,741159
1644,778,32,7,55956,391692
1645,589,19,3,448413,1345239
1646,303,30,9,78283,704547
1647,698,215,7,440707,3084949
1648,895,359,9,131211,1180899
1649,353,156,6,84145,504870
1650,541,5,5,334382,1671910
1651,718,313,3,436666,1309998
1652,660,207,8,412961,3303688
1653,640,106,9,41482,373338
1654,668,404,10,324855,3248550
1655,832,227,6,240196,1441176
1656,795,401,7,280501,1963507
1657,87,102,5,373416,1867080
1658,343,19,9,448413,4035717
1659,533,200,3,237888,713664
1660,219,277,5,386060,1930300
1661,566,48,9,132700,1194300
1662,349,160,9,167743,1509687
1663,24,388,3,317952,953856
1664,607,15,9,427832,3850488
1665,853,133,4,487954,1951816
1666,744,397,5,220155,1100775
1667,114,217,9,468800,4219200
1668,862,375,1,109363,109363
1669,643,191,5,105666,528330
1670,127,260,6,432507,2595042
1671,460,25,2,252189,504378
1672,755,153,10,248245,2482450
1673,348,3,8,119821,958568
1674,580,121,10,281265,2812650
1675,865,366,9,28720,258480
1676,359,305,4,421125,1684500
1677,683,154,5,362110,1810550
1678,689,402,10,95797,957970
1679,533,72,7,323923,2267461
1680,108,378,4,426509,1706036
1681,597,168,9,267860,2410740
1682,466,99,6,448104,2688624
1683,729,51,3,177259,531777
1684,84,218,7,222525,1557675
1685,436,48,1,132700,132700
1686,488,455,3,177818,533454
1687,80,110,8,168387,1347096
1688,413,190,9,117298,1055682
1689,532,302,9,293356,2640204
1690,893,399,7,375029,2625203
1691,511,136,10,156789,1567890
1692,451,326,7,327137,2289959
1693,750,353,8,431496,3451968
1694,844,499,7,86328,604296
1695,518,84,3,40197,120591
1696,729,66,8,327493,2619944
1697,722,235,3,37929,113787
1698,121,263,9,458927,4130343
1699,467,356,4,266493,1065972
1700,765,243,1,280806,280806
1701,379,81,9,168865,1519785
1702,617,472,2,91264,182528
1703,113,437,7,496052,3472364
1704,586,62,6,280820,1684920
1705,536,149,1,128872,128872
1706,381,79,2,221957,443914
1707,311,157,6,250849,1505094
1708,29,151,8,320830,2566640
1709,146,406,3,122895,368685
1710,432,402,10,95797,957970
1711,291,25,5,252189,1260945
1712,839,111,3,412285,1236855
1713,3,379,8,83087,664696
1714,358,63,9,254690,2292210
1715,428,35,1,312935,312935
1716,318,247,10,192220,1922200
1717,346,290,8,169828,1358624
1718,487,401,7,280501,1963507
1719,136,428,10,401315,4013150
1720,517,391,3,94397,283191
1721,780,326,8,327137,2617096
1722,153,231,8,63293,506344
1723,92,444,6,178373,1070238
1724,681,410,10,155884,1558840
1725,397,320,7,164448,1151136
1726,348,120,7,153502,1074514
1727,687,277,1,386060,386060
1728,754,456,8,142129,1137032
1729,887,143,2,461405,922810
1730,586,85,1,53879,53879
1731,575,323,5,448512,2242560
1732,660,331,2,437661,875322
1733,198,287,2,199492,398984
1734,555,490,10,460931,4609310
1735,584,296,1,325799,325799
1736,769,268,4,197595,790380
1737,20,244,9,209710,1887390
1738,185,62,9,280820,2527380
1739,282,493,1,67197,67197
1740,252,403,4,291404,1165616
1741,455,425,10,7716,77160
1742,622,44,9,104514,940626
1743,604,165,7,247594,1733158
1744,883,24,8,61804,494432
1745,349,479,1,297970,297970
1746,425,224,3,25081,75243
1747,325,13,9,440406,3963654
1748,94,196,5,318129,1590645
1749,555,59,2,313728,627456
1750,148,87,5,430600,2153000
1751,787,94,5,86123,430615
1752,315,46,3,341437,1024311
1753,695,488,7,406514,2845598
1754,630,87,1,430600,430600
1755,186,493,6,67197,403182
1756,306,14,1,484224,484224
1757,328,200,2,237888,475776
1758,332,73,7,71160,498120
1759,848,133,7,487954,3415678
1760,54,461,2,366910,733820
1761,771,104,4,8201,32804
1762,243,306,10,68628,686280
1763,771,253,9,369584,3326256
1764,118,259,7,494355,3460485
1765,326,138,1,425123,425123
1766,417,238,9,381724,3435516
1767,30,34,8,356527,2852216
1768,20,209,4,425090,1700360
1769,601,138,9,425123,3826107
1770,253,346,2,274997,549994
1771,668,391,9,94397,849573
1772,312,403,3,291404,874212
1773,457,291,7,135868,951076
1774,209,43,9,36745,330705
1775,383,401,3,280501,841503
1776,801,277,3,386060,1158180
1777,434,126,9,156753,1410777
1778,463,493,9,67197,604773
1779,833,22,1,243438,243438
1780,297,238,10,381724,3817240
1781,1,335,3,266115,798345
1782,280,31,8,164574,1316592
1783,860,307,5,129117,645585
1784,360,349,7,134980,944860
1785,600,432,4,285573,1142292
1786,289,431,9,346992,3122928
1787,757,24,3,61804,185412
1788,72,274,10,238788,2387880
1789,405,154,2,362110,724220
1790,851,358,2,211172,422344
1791,287,72,9,323923,2915307
1792,216,450,7,50475,353325
1793,822,313,9,436666,3929994
1794,651,163,6,342990,2057940
1795,280,134,8,306863,2454904
1796,350,126,6,156753,940518
1797,614,108,8,202234,1617872
1798,709,169,1,241203,241203
1799,624,69,1,228490,228490
1800,10,244,1,209710,209710
1801,424,345,3,214042,642126
1802,781,285,8,194871,1558968
1803,84,202,9,127684,1149156
1804,552,404,2,324855,649710
1805,689,16,8,426649,3413192
1806,833,64,6,274084,1644504
1807,367,193,10,447723,4477230
1808,860,199,3,220408,661224
1809,128,394,1,105025,105025
1810,198,237,6,336326,2017956
1811,227,228,1,479930,479930
1812,777,381,1,90197,90197
1813,197,144,6,121167,727002
1814,641,47,10,31517,315170
1815,240,156,4,84145,336580
1816,38,253,6,369584,2217504
1817,721,144,8,121167,969336
1818,215,362,10,154814,1548140
1819,841,4,4,330525,1322100
1820,114,327,7,268493,1879451
1821,583,446,5,12384,61920
1822,175,257,8,27967,223736
1823,676,283,4,23244,92976
1824,689,379,10,83087,830870
1825,579,350,10,31531,315310
1826,603,90,2,190387,380774
1827,131,66,2,327493,654986
1828,877,133,10,487954,4879540
1829,747,117,9,222151,1999359
1830,197,401,5,280501,1402505
1831,710,435,1,494644,494644
1832,630,348,9,69236,623124
1833,465,130,9,267281,2405529
1834,657,2,7,323276,2262932
1835,875,345,1,214042,214042
1836,443,481,6,138408,830448
1837,281,433,7,483795,3386565
1838,478,63,9,254690,2292210
1839,530,254,6,430458,2582748
1840,739,389,1,348718,348718
1841,285,115,1,237318,237318
1842,546,471,7,305260,2136820
1843,6,230,6,292731,1756386
1844,343,201,4,399469,1597876
1845,828,42,10,364493,3644930
1846,707,13,4,440406,1761624
1847,256,217,2,468800,937600
1848,338,101,3,20179,60537
1849,642,160,2,167743,335486
1850,29,321,2,174167,348334
1851,828,246,7,200717,1405019
1852,817,13,10,440406,4404060
1853,861,321,6,174167,1045002
1854,111,129,4,284226,1136904
1855,349,243,4,280806,1123224
1856,842,427,1,255320,255320
1857,814,171,9,25521,229689
1858,795,122,2,28811,57622
1859,450,308,10,18780,187800
1860,641,392,2,82477,164954
1861,128,229,10,139177,1391770
1862,35,44,1,104514,104514
1863,869,194,6,271175,1627050
1864,802,356,2,266493,532986
1865,822,66,1,327493,327493
1866,309,227,1,240196,240196
1867,68,313,7,436666,3056662
1868,573,53,1,150371,150371
1869,871,27,5,344556,1722780
1870,99,196,7,318129,2226903
1871,239,317,7,407538,2852766
1872,807,443,10,148045,1480450
1873,11,338,10,160941,1609410
1874,476,233,7,30034,210238
1875,636,408,7,171220,1198540
1876,348,318,2,268645,537290
1877,465,334,1,329066,329066
1878,602,265,6,234088,1404528
1879,106,99,2,448104,896208
1880,731,7,10,22492,224920
1881,809,35,10,312935,3129350
1882,587,431,4,346992,1387968
1883,263,65,9,241981,2177829
1884,493,182,7,348961,2442727
1885,456,372,10,72456,724560
1886,141,96,4,188560,754240
1887,62,409,1,298856,298856
1888,599,66,5,327493,1637465
1889,668,224,9,25081,225729
1890,319,387,6,422728,2536368
1891,795,299,9,95521,859689
1892,481,75,3,242877,728631
1893,352,159,10,189519,1895190
1894,9,150,6,139201,835206
1895,674,266,10,474047,4740470
1896,59,348,3,69236,207708
1897,839,122,9,28811,259299
1898,880,428,9,401315,3611835
1899,353,28,7,481781,3372467
1900,656,101,4,20179,80716
1901,805,466,4,402069,1608276
1902,194,36,6,469211,2815266
1903,712,342,8,323064,2584512
1904,615,355,8,266234,2129872
1905,873,355,6,266234,1597404
1906,344,297,10,109951,1099510
1907,429,316,5,72284,361420
1908,108,169,3,241203,723609
1909,508,233,1,30034,30034
1910,655,113,1,87528,87528
1911,478,115,4,237318,949272
1912,245,320,4,164448,657792
1913,827,247,6,192220,1153320
1914,211,379,7,83087,581609
1915,846,205,3,197854,593562
1916,11,4,6,330525,1983150
1917,31,38,6,497334,2984004
1918,146,285,2,194871,389742
1919,200,149,8,128872,1030976
1920,784,324,10,107918,1079180
1921,31,185,1,342375,342375
1922,291,102,4,373416,1493664
1923,269,90,4,190387,761548
1924,348,369,3,43551,130653
1925,252,434,9,467550,4207950
1926,23,92,4,155800,623200
1927,104,91,5,460130,2300650
1928,389,11,3,110274,330822
1929,347,336,2,341544,683088
1930,313,480,4,384207,1536828
1931,379,234,4,339994,1359976
1932,677,415,6,489447,2936682
1933,819,88,9,312476,2812284
1934,900,320,7,164448,1151136
1935,122,365,2,405480,810960
1936,814,74,3,204703,614109
1937,546,98,4,305993,1223972
1938,326,194,6,271175,1627050
1939,652,307,7,129117,903819
1940,782,126,1,156753,156753
1941,194,316,10,72284,722840
1942,302,438,9,464665,4181985
1943,336,405,3,134247,402741
1944,645,127,1,9052,9052
1945,894,408,5,171220,856100
1946,599,65,9,241981,2177829
1947,215,454,8,239218,1913744
1948,804,373,2,200663,401326
1949,67,241,10,103206,1032060
1950,398,86,9,395379,3558411
1951,384,385,9,198125,1783125
1952,476,256,9,24390,219510
1953,730,92,6,155800,934800
1954,712,192,9,86235,776115
1955,486,248,8,185775,1486200
1956,411,138,10,425123,4251230
1957,666,327,10,268493,2684930
1958,225,19,4,448413,1793652
1959,463,459,4,165854,663416
1960,406,442,4,471228,1884912
1961,436,112,5,468125,2340625
1962,586,456,7,142129,994903
1963,261,81,6,168865,1013190
1964,138,282,2,21326,42652
1965,303,385,2,198125,396250
1966,361,228,9,479930,4319370
1967,43,118,10,400807,4008070
1968,637,239,9,230044,2070396
1969,462,173,7,195787,1370509
1970,419,240,7,131124,917868
1971,325,189,8,195105,1560840
1972,26,140,7,51205,358435
1973,240,92,8,155800,1246400
1974,368,136,2,156789,313578
1975,302,462,2,197698,395396
1976,526,432,9,285573,2570157
1977,805,280,2,44343,88686
1978,101,142,4,279707,1118828
1979,369,61,2,71457,142914
1980,206,20,9,52344,471096
1981,692,171,4,25521,102084
1982,310,169,5,241203,1206015
1983,196,382,5,316282,1581410
1984,142,362,10,154814,1548140
1985,268,438,9,464665,4181985
1986,289,5,5,334382,1671910
1987,802,422,6,57532,345192
1988,842,207,7,412961,2890727
1989,484,297,1,109951,109951
1990,780,335,9,266115,2395035
1991,887,488,3,406514,1219542
1992,233,204,4,478942,1915768
1993,486,371,4,437700,1750800
1994,602,120,9,153502,1381518
1995,776,403,9,291404,2622636
1996,349,240,8,131124,1048992
1997,321,406,2,122895,245790
1998,440,434,4,467550,1870200
1999,215,395,7,169465,1186255
2000,874,225,8,369942,2959536
2001,384,286,1,322243,322243
2002,895,72,10,323923,3239230
2003,756,66,5,327493,1637465
2004,830,5,8,334382,2675056
2005,348,338,6,160941,965646
2006,436,116,7,259626,1817382
2007,782,352,7,135165,946155
2008,307,399,9,375029,3375261
2009,24,167,10,173572,1735720
2010,143,291,1,135868,135868
2011,582,79,6,221957,1331742
2012,623,323,10,448512,4485120
2013,391,294,7,142246,995722
2014,66,105,7,301915,2113405
2015,193,274,7,238788,1671516
2016,337,244,2,209710,419420
2017,655,292,8,390705,3125640
2018,96,459,5,165854,829270
2019,692,88,2,312476,624952
2020,33,284,3,128729,386187
2021,501,424,10,362140,3621400
2022,204,14,3,484224,1452672
2023,291,36,7,469211,3284477
2024,299,106,4,41482,165928
2025,72,338,9,160941,1448469
2026,378,233,1,30034,30034
2027,176,266,1,474047,474047
2028,401,168,7,267860,1875020
2029,133,81,2,168865,337730
2030,490,275,7,92369,646583
2031,399,381,2,90197,180394
2032,134,490,4,460931,1843724
2033,318,446,4,12384,49536
2034,163,222,8,493020,3944160
2035,318,310,10,325837,3258370
2036,515,301,4,355140,1420560
2037,283,367,8,303991,2431928
2038,147,104,1,8201,8201
2039,845,229,2,139177,278354
2040,827,205,10,197854,1978540
2041,337,127,9,9052,81468
2042,503,467,10,404433,4044330
2043,590,236,8,317863,2542904
2044,295,21,2,12297,24594
2045,356,331,8,437661,3501288
2046,401,359,5,131211,656055
2047,426,314,3,70707,212121
2048,633,128,3,97114,291342
2049,469,376,7,267184,1870288
2050,716,197,3,90064,270192
2051,403,292,2,390705,781410
2052,246,358,1,211172,211172
2053,281,454,3,239218,717654
2054,299,452,9,174660,1571940
2055,715,342,2,323064,646128
2056,506,372,4,72456,289824
2057,125,211,9,341162,3070458
2058,774,189,2,195105,390210
2059,785,54,9,73153,658377
2060,420,400,6,299066,1794396
2061,259,231,3,63293,189879
2062,46,107,9,53107,477963
2063,75,237,1,336326,336326
2064,391,328,8,315278,2522224
2065,877,176,7,418782,2931474
2066,39,100,7,324288,2270016
2067,118,6,5,166969,834845
2068,335,364,3,75220,225660
2069,497,344,8,389932,3119456
2070,85,237,2,336326,672652
2071,731,281,4,195479,781916
2072,144,487,8,99362,794896
2073,862,242,5,279456,1397280
2074,859,83,3,85026,255078
2075,103,10,10,396895,3968950
2076,128,91,5,460130,2300650
2077,173,274,7,238788,1671516
2078,694,40,1,237460,237460
2079,452,140,3,51205,153615
2080,222,184,3,167310,501930
2081,692,366,1,28720,28720
2082,453,273,4,351512,1406048
2083,857,357,1,265765,265765
2084,657,326,9,327137,2944233
2085,400,340,2,235479,470958
2086,455,354,5,104527,522635
2087,5,27,10,344556,3445560
2088,786,25,7,252189,1765323
2089,384,104,4,8201,32804
2090,205,466,4,402069,1608276
2091,432,47,1,31517,31517
2092,346,15,1,427832,427832
2093,697,421,4,339466,1357864
2094,226,343,2,456666,913332
2095,817,491,2,47074,94148
2096,742,428,3,401315,1203945
2097,426,86,1,395379,395379
2098,836,263,2,458927,917854
2099,576,168,6,267860,1607160
2100,640,321,4,174167,696668
2101,405,107,9,53107,477963
2102,124,481,7,138408,968856
2103,109,119,4,185969,743876
2104,178,183,6,72607,435642
2105,670,8,7,388967,2722769
2106,399,162,1,441048,441048
2107,226,109,8,183727,1469816
2108,666,34,5,356527,1782635
2109,45,320,6,164448,986688
2110,421,35,4,312935,1251740
2111,512,155,10,458114,4581140
2112,811,53,9,150371,1353339
2113,176,473,10,65943,659430
2114,615,129,2,284226,568452
2115,695,167,7,173572,1215004
2116,341,474,3,380871,1142613
2117,872,90,6,190387,1142322
2118,70,342,8,323064,2584512
2119,624,172,1,235383,235383
2120,460,467,10,404433,4044330
2121,656,196,9,318129,2863161
2122,516,380,4,176948,707792
2123,239,301,1,355140,355140
2124,778,11,10,110274,1102740
2125,317,460,2,364700,729400
2126,776,122,7,28811,201677
2127,82,125,10,407312,4073120
2128,384,31,3,164574,493722
2129,207,256,5,24390,121950
2130,210,78,7,230480,1613360
2131,244,329,1,94758,94758
2132,455,473,10,65943,659430
2133,138,379,6,83087,498522
2134,660,143,6,461405,2768430
2135,534,403,1,291404,291404
2136,664,406,7,122895,860265
2137,769,417,5,110941,554705
2138,868,13,4,440406,1761624
2139,351,376,6,267184,1603104
2140,553,125,4,407312,1629248
2141,821,28,4,481781,1927124
2142,623,352,4,135165,540660
2143,534,447,7,419589,2937123
2144,453,165,3,247594,742782
2145,67,323,1,448512,448512
2146,72,446,8,12384,99072
2147,54,489,4,201325,805300
2148,210,325,3,70625,211875
2149,178,65,2,241981,483962
2150,852,304,9,378192,3403728
2151,242,408,4,171220,684880
2152,437,260,2,432507,865014
2153,319,372,8,72456,579648
2154,251,85,4,53879,215516
2155,621,218,3,222525,667575
2156,293,128,5,97114,485570
2157,651,296,8,325799,2606392
2158,884,104,5,8201,41005
2159,82,401,8,280501,2244008
2160,408,487,6,99362,596172
2161,483,194,3,271175,813525
2162,518,226,7,402851,2819957
2163,779,313,7,436666,3056662
2164,21,80,8,214049,1712392
2165,438,391,7,94397,660779
2166,778,438,2,464665,929330
2167,610,465,5,223022,1115110
2168,567,276,3,189311,567933
2169,264,373,3,200663,601989
2170,314,195,8,352041,2816328
2171,385,233,5,30034,150170
2172,493,288,10,405076,4050760
2173,140,37,6,442095,2652570
2174,201,367,8,303991,2431928
2175,5,80,4,214049,856196
2176,748,7,9,22492,202428
2177,504,372,6,72456,434736
2178,405,208,7,89965,629755
2179,394,497,6,283886,1703316
2180,657,251,5,291268,1456340
2181,419,302,2,293356,586712
2182,128,454,1,239218,239218
2183,167,198,10,383107,3831070
2184,262,100,7,324288,2270016
2185,522,395,6,169465,1016790
2186,651,364,8,75220,601760
2187,714,353,6,431496,2588976
2188,435,30,7,78283,547981
2189,249,377,4,25402,101608
2190,833,245,1,27824,27824
2191,715,186,1,431343,431343
2192,268,341,3,248501,745503
2193,698,310,8,325837,2606696
2194,254,76,5,56998,284990
2195,679,309,10,250055,2500550
2196,13,431,3,346992,1040976
2197,660,60,2,96355,192710
2198,408,365,7,405480,2838360
2199,83,362,10,154814,1548140
2200,898,266,4,474047,1896188
2201,850,217,3,468800,1406400
2202,709,219,5,268196,1340980
2203,546,155,9,458114,4123026
2204,601,338,7,160941,1126587
2205,771,158,7,422506,2957542
2206,112,449,2,438580,877160
2207,796,326,10,327137,3271370
2208,834,409,6,298856,1793136
2209,767,74,5,204703,1023515
2210,716,108,7,202234,1415638
2211,173,158,1,422506,422506
2212,2,418,8,494173,3953384
2213,793,50,2,312433,624866
2214,538,357,7,265765,1860355
2215,751,214,5,148021,740105
2216,181,221,3,122722,368166
2217,721,192,3,86235,258705
2218,499,69,4,228490,913960
2219,113,94,9,86123,775107
2220,834,231,10,63293,632930
2221,206,109,3,183727,551181
2222,829,31,3,164574,493722
2223,266,389,4,348718,1394872
2224,452,462,7,197698,1383886
2225,112,321,10,174167,1741670
2226,82,445,3,344888,1034664
2227,387,151,2,320830,641660
2228,66,64,5,274084,1370420
2229,600,176,1,418782,418782
2230,497,121,8,281265,2250120
2231,10,345,2,214042,428084
2232,770,32,5,55956,279780
2233,682,490,1,460931,460931
2234,100,299,1,95521,95521
2235,811,109,9,183727,1653543
2236,618,4,7,330525,2313675
2237,498,267,5,102946,514730
2238,619,243,6,280806,1684836
2239,380,220,6,207462,1244772
2240,323,350,6,31531,189186
2241,370,419,4,76970,307880
2242,388,341,7,248501,1739507
2243,365,313,1,436666,436666
2244,826,448,6,97009,582054
2245,468,52,1,418476,418476
2246,743,446,7,12384,86688
2247,27,428,3,401315,1203945
2248,890,309,2,250055,500110
2249,717,272,5,58790,293950
2250,378,385,4,198125,792500
2251,703,232,10,129591,1295910
2252,528,338,8,160941,1287528
2253,4,212,4,295739,1182956
2254,18,327,6,268493,1610958
2255,895,325,6,70625,423750
2256,695,24,6,61804,370824
2257,622,228,4,479930,1919720
2258,757,249,7,409488,2866416
2259,357,314,2,70707,141414
2260,675,220,8,207462,1659696
2261,752,439,2,161443,322886
2262,622,198,5,383107,1915535
2263,891,100,3,324288,972864
2264,804,267,10,102946,1029460
2265,33,439,9,161443,1452987
2266,816,66,8,327493,2619944
2267,853,45,5,53063,265315
2268,896,345,9,214042,1926378
2269,457,240,3,131124,393372
2270,494,489,2,201325,402650
2271,247,340,9,235479,2119311
2272,175,125,4,407312,1629248
2273,109,386,2,223387,446774
2274,165,223,1,419911,419911
2275,393,476,6,428987,2573922
2276,226,393,5,21552,107760
2277,682,369,5,43551,217755
2278,682,244,2,209710,419420
2279,649,70,9,262042,2358378
2280,93,372,8,72456,579648
2281,893,408,6,171220,1027320
2282,785,115,10,237318,2373180
2283,67,474,10,380871,3808710
2284,387,330,6,446728,2680368
2285,670,467,7,404433,2831031
2286,877,329,9,94758,852822
2287,229,224,4,25081,100324
2288,298,133,2,487954,975908
2289,92,45,2,53063,106126
2290,193,175,10,360937,3609370
2291,587,382,2,316282,632564
2292,874,189,3,195105,585315
2293,591,161,7,24717,173019
2294,319,378,1,426509,426509
2295,549,32,10,55956,559560
2296,434,98,7,305993,2141951
2297,817,164,6,327441,1964646
2298,533,348,3,69236,207708
2299,605,340,10,235479,2354790
2300,405,114,2,358353,716706
2301,873,5,9,334382,3009438
2302,149,236,6,317863,1907178
2303,858,418,5,494173,2470865
2304,697,113,8,87528,700224
2305,616,234,3,339994,1019982
2306,765,146,3,283189,849567
2307,614,341,1,248501,248501
2308,515,164,5,327441,1637205
2309,281,353,2,431496,862992
2310,490,435,10,494644,4946440
2311,507,324,4,107918,431672
2312,61,150,7,139201,974407
2313,157,415,6,489447,2936682
2314,869,424,4,362140,1448560
2315,718,376,4,267184,1068736
2316,887,377,1,25402,25402
2317,878,398,3,462607,1387821
2318,307,250,7,74945,524615
2319,23,418,3,494173,1482519
2320,346,281,7,195479,1368353
2321,357,217,8,468800,3750400
2322,401,388,7,317952,2225664
2323,745,37,9,442095,3978855
2324,714,145,5,45044,225220
2325,718,473,4,65943,263772
2326,404,439,9,161443,1452987
2327,332,50,3,312433,937299
2328,887,386,10,223387,2233870
2329,871,413,1,157280,157280
2330,469,479,5,297970,1489850
2331,592,336,3,341544,1024632
2332,713,71,8,43530,348240
2333,149,248,5,185775,928875
2334,824,108,4,202234,808936
2335,753,384,4,253980,1015920
2336,371,334,1,329066,329066
2337,105,372,10,72456,724560
2338,386,348,3,69236,207708
2339,696,487,7,99362,695534
2340,58,431,3,346992,1040976
2341,486,50,6,312433,1874598
2342,121,92,1,155800,155800
2343,608,264,6,148244,889464
2344,643,223,3,419911,1259733
2345,251,370,7,405767,2840369
2346,247,18,2,455961,911922
2347,310,204,8,478942,3831536
2348,177,353,10,431496,4314960
2349,795,335,7,266115,1862805
2350,797,355,2,266234,532468
2351,282,238,7,381724,2672068
2352,377,324,8,107918,863344
2353,120,6,2,166969,333938
2354,501,43,2,36745,73490
2355,231,329,9,94758,852822
2356,587,12,10,283319,2833190
2357,281,294,8,142246,1137968
2358,814,356,2,266493,532986
2359,394,304,3,378192,1134576
2360,306,248,7,185775,1300425
2361,102,293,3,276447,829341
2362,731,167,2,173572,347144
2363,190,466,9,402069,3618621
2364,404,208,1,89965,89965
2365,803,285,9,194871,1753839
2366,501,416,9,396820,3571380
2367,858,33,9,208762,1878858
2368,731,300,9,51027,459243
2369,772,420,2,132117,264234
2370,675,386,4,223387,893548
2371,186,460,2,364700,729400
2372,712,442,10,471228,4712280
2373,569,93,1,189363,189363
2374,126,229,6,139177,835062
2375,589,21,3,12297,36891
2376,90,106,3,41482,124446
2377,872,288,5,405076,2025380
2378,87,386,1,223387,223387
2379,306,64,9,274084,2466756
2380,176,187,9,343703,3093327
2381,255,217,1,468800,468800
2382,532,154,1,362110,362110
2383,675,464,5,85313,426565
2384,144,274,8,238788,1910304
2385,712,296,8,325799,2606392
2386,361,161,9,24717,222453
2387,523,311,9,167157,1504413
2388,679,108,2,202234,404468
2389,243,420,1,132117,132117
2390,146,19,4,448413,1793652
2391,138,154,4,362110,1448440
2392,222,309,9,250055,2250495
2393,285,303,6,472314,2833884
2394,433,66,10,327493,3274930
2395,262,39,9,366905,3302145
2396,666,134,7,306863,2148041
2397,410,463,3,119886,359658
2398,261,234,2,339994,679988
2399,712,347,7,172308,1206156
2400,209,74,9,204703,1842327
2401,649,37,5,442095,2210475
2402,732,357,4,265765,1063060
2403,674,191,10,105666,1056660
2404,620,332,9,47584,428256
2405,842,84,7,40197,281379
2406,807,79,6,221957,1331742
2407,27,223,7,419911,2939377
2408,254,494,10,282265,2822650
2409,128,40,5,237460,1187300
2410,701,273,2,351512,703024
2411,68,281,7,195479,1368353
2412,372,169,2,241203,482406
2413,797,466,6,402069,2412414
2414,890,140,3,51205,153615
2415,281,409,4,298856,1195424
2416,387,6,2,166969,333938
2417,388,497,4,283886,1135544
2418,802,488,2,406514,813028
2419,180,474,2,380871,761742
2420,603,270,5,46380,231900
2421,98,421,8,339466,2715728
2422,718,271,6,290985,1745910
2423,565,293,5,276447,1382235
2424,102,139,10,441221,4412210
2425,175,460,1,364700,364700
2426,186,163,7,342990,2400930
2427,565,177,9,39556,356004
2428,489,305,7,421125,2947875
2429,266,304,3,378192,1134576
2430,731,5,9,334382,3009438
2431,147,80,3,214049,642147
2432,754,194,10,271175,2711750
2433,743,137,1,15934,15934
2434,725,328,6,315278,1891668
2435,695,399,4,375029,1500116
2436,724,312,7,280615,1964305
2437,450,235,3,37929,113787
2438,515,182,8,348961,2791688
2439,439,147,5,479964,2399820
2440,313,267,4,102946,411784
2441,313,326,2,327137,654274
2442,866,209,6,425090,2550540
2443,79,47,2,31517,63034
2444,96,374,4,297464,1189856
2445,59,85,10,53879,538790
2446,568,44,5,104514,522570
2447,828,476,8,428987,3431896
2448,435,448,1,97009,97009
2449,749,347,9,172308,1550772
2450,510,70,8,262042,2096336
2451,715,264,9,148244,1334196
2452,15,64,7,274084,1918588
2453,852,316,4,72284,289136
2454,732,382,1,316282,316282
2455,768,218,9,222525,2002725
2456,757,177,4,39556,158224
2457,701,339,9,366031,3294279
2458,622,312,1,280615,280615
2459,691,230,3,292731,878193
2460,231,477,9,74176,667584
2461,376,90,2,190387,380774
2462,527,430,3,481020,1443060
2463,433,181,1,485639,485639
2464,175,254,7,430458,3013206
2465,347,192,2,86235,172470
2466,852,468,4,280516,1122064
2467,298,277,2,386060,772120
2468,301,154,8,362110,2896880
2469,3,136,4,156789,627156
2470,404,378,10,426509,4265090
2471,659,112,5,468125,2340625
2472,475,264,1,148244,148244
2473,869,457,10,368210,3682100
2474,365,250,1,74945,74945
2475,472,4,10,330525,3305250
2476,363,169,5,241203,1206015
2477,359,55,1,423651,423651
2478,412,456,3,142129,426387
2479,104,182,1,348961,348961
2480,203,221,8,122722,981776
2481,527,44,9,104514,940626
2482,421,461,3,366910,1100730
2483,8,64,8,274084,2192672
2484,232,80,5,214049,1070245
2485,384,241,7,103206,722442
2486,439,154,6,362110,2172660
2487,550,457,3,368210,1104630
2488,112,416,5,396820,1984100
2489,166,225,8,369942,2959536
2490,766,72,6,323923,1943538
2491,368,223,1,419911,419911
2492,114,453,4,141726,566904
2493,42,98,5,305993,1529965
2494,432,69,7,228490,1599430
2495,33,381,6,90197,541182
2496,491,83,4,85026,340104
2497,122,492,5,347640,1738200
2498,564,216,8,482366,3858928
2499,333,254,3,430458,1291374
2500,514,385,7,198125,1386875
2501,135,372,7,72456,507192
2502,812,57,2,74102,148204
2503,160,11,3,110274,330822
2504,14,177,9,39556,356004
2505,54,393,4,21552,86208
2506,440,348,6,69236,415416
2507,756,500,10,496473,4964730
2508,492,5,7,334382,2340674
2509,498,149,5,128872,644360
2510,254,43,7,36745,257215
2511,747,317,3,407538,1222614
2512,256,262,3,155004,465012
2513,885,144,2,121167,242334
2514,683,135,4,376981,1507924
2515,204,421,7,339466,2376262
2516,718,243,2,280806,561612
2517,626,374,9,297464,2677176
2518,876,93,4,189363,757452
2519,235,303,3,472314,1416942
2520,411,62,3,280820,842460
2521,197,20,5,52344,261720
2522,437,476,3,428987,1286961
2523,205,10,10,396895,3968950
2524,390,47,1,31517,31517
2525,314,209,9,425090,3825810
2526,228,359,4,131211,524844
2527,491,173,7,195787,1370509
2528,438,32,9,55956,503604
2529,312,330,1,446728,446728
2530,373,57,5,74102,370510
2531,729,144,6,121167,727002
2532,328,215,4,440707,1762828
2533,187,459,1,165854,165854
2534,54,21,1,12297,12297
2535,218,339,6,366031,2196186
2536,287,147,8,479964,3839712
2537,104,466,10,402069,4020690
2538,259,221,3,122722,368166
2539,373,486,8,21638,173104
2540,115,172,5,235383,1176915
2541,700,50,1,312433,312433
2542,340,283,3,23244,69732
2543,761,185,6,342375,2054250
2544,542,399,10,375029,3750290
2545,244,310,6,325837,1955022
2546,216,333,5,346379,1731895
2547,90,300,7,51027,357189
2548,134,455,2,177818,355636
2549,124,323,10,448512,4485120
2550,671,22,10,243438,2434380
2551,198,419,4,76970,307880
2552,102,361,8,264467,2115736
2553,634,39,9,366905,3302145
2554,743,176,5,418782,2093910
2555,547,243,4,280806,1123224
2556,45,370,3,405767,1217301
2557,429,66,4,327493,1309972
2558,899,282,5,21326,106630
2559,356,389,9,348718,3138462
2560,460,459,6,165854,995124
2561,447,323,2,448512,897024
2562,430,35,8,312935,2503480
2563,810,269,9,425032,3825288
2564,614,12,3,283319,849957
2565,297,141,3,132567,397701
2566,63,24,10,61804,618040
2567,759,407,4,374571,1498284
2568,507,418,7,494173,3459211
2569,892,351,9,458070,4122630
2570,170,263,2,458927,917854
2571,394,225,9,369942,3329478
2572,411,288,7,405076,2835532
2573,212,311,5,167157,835785
2574,164,95,1,122568,122568
2575,607,293,4,276447,1105788
2576,810,357,1,265765,265765
2577,516,263,8,458927,3671416
2578,266,363,9,449162,4042458
2579,304,156,4,84145,336580
2580,566,363,5,449162,2245810
2581,230,61,3,71457,214371
2582,244,24,9,61804,556236
2583,655,150,1,139201,139201
2584,137,76,5,56998,284990
2585,658,139,1,441221,441221
2586,548,128,4,97114,388456
2587,665,60,1,96355,96355
2588,378,178,10,297533,2975330
2589,723,167,2,173572,347144
2590,271,453,9,141726,1275534
2591,419,370,3,405767,1217301
2592,302,460,10,364700,3647000
2593,641,167,1,173572,173572
2594,844,418,1,494173,494173
2595,749,183,4,72607,290428
2596,181,495,5,442686,2213430
2597,551,132,1,233704,233704
2598,109,337,10,133386,1333860
2599,670,370,7,405767,2840369
2600,565,132,10,233704,2337040
2601,226,106,8,41482,331856
2602,209,167,5,173572,867860
2603,160,298,7,452126,3164882
2604,748,229,4,139177,556708
2605,378,372,7,72456,507192
2606,96,76,8,56998,455984
2607,471,254,3,430458,1291374
2608,194,95,3,122568,367704
2609,747,292,8,390705,3125640
2610,22,93,5,189363,946815
2611,182,159,3,189519,568557
2612,704,419,7,76970,538790
2613,72,312,4,280615,1122460
2614,437,74,2,204703,409406
2615,661,126,8,156753,1254024
2616,103,497,7,283886,1987202
2617,141,371,9,437700,3939300
2618,618,373,1,200663,200663
2619,394,52,7,418476,2929332
2620,847,11,2,110274,220548
2621,136,7,1,22492,22492
2622,275,128,2,97114,194228
2623,14,74,10,204703,2047030
2624,811,406,1,122895,122895
2625,754,55,9,423651,3812859
2626,874,419,6,76970,461820
2627,208,363,2,449162,898324
2628,778,72,8,323923,2591384
2629,836,289,8,282589,2260712
2630,340,84,5,40197,200985
2631,250,246,3,200717,602151
2632,709,29,9,345388,3108492
2633,127,137,9,15934,143406
2634,106,11,1,110274,110274
2635,106,279,5,340266,1701330
2636,146,262,7,155004,1085028
2637,25,1,4,441647,1766588
2638,395,117,7,222151,1555057
2639,672,76,6,56998,341988
2640,701,147,4,479964,1919856
2641,504,197,2,90064,180128
2642,230,87,2,430600,861200
2643,366,53,5,150371,751855
2644,342,40,10,237460,2374600
2645,87,61,6,71457,428742
2646,620,459,1,165854,165854
2647,439,78,3,230480,691440
2648,615,272,6,58790,352740
2649,154,93,7,189363,1325541
2650,640,458,5,355112,1775560
2651,357,419,5,76970,384850
2652,278,449,2,438580,877160
2653,678,470,8,37379,299032
2654,831,189,5,195105,975525
2655,808,465,2,223022,446044
2656,797,2,3,323276,969828
2657,328,336,3,341544,1024632
2658,458,76,7,56998,398986
2659,835,370,8,405767,3246136
2660,592,35,2,312935,625870
2661,149,219,5,268196,1340980
2662,131,47,6,31517,189102
2663,362,94,7,86123,602861
2664,435,164,8,327441,2619528
2665,617,247,7,192220,1345540
2666,142,407,6,374571,2247426
2667,393,411,4,474636,1898544
2668,510,215,9,440707,3966363
2669,505,276,9,189311,1703799
2670,842,273,9,351512,3163608
2671,86,118,7,400807,2805649
2672,540,298,7,452126,3164882
2673,720,296,4,325799,1303196
2674,371,45,4,53063,212252
2675,872,2,4,323276,1293104
2676,572,9,6,481906,2891436
2677,113,243,3,280806,842418
2678,370,31,6,164574,987444
2679,302,435,3,494644,1483932
2680,856,236,3,317863,953589
2681,432,437,9,496052,4464468
2682,848,125,4,407312,1629248
2683,765,115,1,237318,237318
2684,713,71,2,43530,87060
2685,387,361,3,264467,793401
2686,713,376,1,267184,267184
2687,381,495,7,442686,3098802
2688,679,28,2,481781,963562
2689,489,298,2,452126,904252
2690,892,429,10,154639,1546390
2691,151,81,1,168865,168865
2692,81,188,3,271594,814782
2693,13,126,2,156753,313506
2694,154,292,7,390705,2734935
2695,482,392,3,82477,247431
2696,767,381,3,90197,270591
2697,482,271,5,290985,1454925
2698,455,211,6,341162,2046972
2699,294,401,1,280501,280501
2700,62,57,3,74102,222306
2701,619,452,1,174660,174660
2702,516,385,3,198125,594375
2703,406,83,1,85026,85026
2704,697,427,7,255320,1787240
2705,568,486,8,21638,173104
2706,586,365,5,405480,2027400
2707,727,257,5,27967,139835
2708,161,117,7,222151,1555057
2709,535,140,2,51205,102410
2710,761,194,3,271175,813525
2711,634,109,7,183727,1286089
2712,402,29,4,345388,1381552
2713,620,95,9,122568,1103112
2714,837,431,2,346992,693984
2715,489,355,8,266234,2129872
2716,848,161,7,24717,173019
2717,56,195,3,352041,1056123
2718,663,412,6,410308,2461848
2719,277,218,4,222525,890100
2720,80,56,2,351584,703168
2721,798,186,10,431343,4313430
2722,29,434,6,467550,2805300
2723,167,123,5,319218,1596090
2724,67,278,2,327359,654718
2725,12,109,10,183727,1837270
2726,193,388,5,317952,1589760
2727,654,283,4,23244,92976
2728,247,476,1,428987,428987
2729,584,138,2,425123,850246
2730,578,290,1,169828,169828
2731,47,405,8,134247,1073976
2732,96,25,6,252189,1513134
2733,9,484,5,372203,1861015
2734,408,183,5,72607,363035
2735,323,257,4,27967,111868
2736,744,385,7,198125,1386875
2737,720,183,3,72607,217821
2738,340,346,2,274997,549994
2739,104,209,9,425090,3825810
2740,25,258,3,469409,1408227
2741,489,301,7,355140,2485980
2742,298,301,1,355140,355140
2743,699,83,3,85026,255078
2744,641,238,2,381724,763448
2745,221,48,4,132700,530800
2746,788,414,3,379415,1138245
2747,514,368,3,195066,585198
2748,668,265,10,234088,2340880
2749,459,268,6,197595,1185570
2750,348,403,3,291404,874212
2751,639,149,6,128872,773232
2752,41,439,7,161443,1130101
2753,245,457,7,368210,2577470
2754,622,107,10,53107,531070
2755,581,39,3,366905,1100715
2756,100,322,8,186415,1491320
2757,147,413,1,157280,157280
2758,561,393,5,21552,107760
2759,511,445,2,344888,689776
2760,322,49,8,40971,327768
2761,166,87,5,430600,2153000
2762,591,35,5,312935,1564675
2763,92,187,6,343703,2062218
2764,728,37,3,442095,1326285
2765,265,396,8,221510,1772080
2766,782,243,5,280806,1404030
2767,666,449,8,438580,3508640
2768,127,474,3,380871,1142613
2769,500,498,10,134767,1347670
2770,880,21,6,12297,73782
2771,419,147,7,479964,3359748
2772,697,439,10,161443,1614430
2773,376,67,8,245146,1961168
2774,322,263,10,458927,4589270
2775,699,192,2,86235,172470
2776,461,212,9,295739,2661651
2777,636,135,1,376981,376981
2778,759,330,1,446728,446728
2779,717,405,4,134247,536988
2780,9,421,9,339466,3055194
2781,298,80,2,214049,428098
2782,584,193,3,447723,1343169
2783,229,205,2,197854,395708
2784,686,199,8,220408,1763264
2785,478,48,6,132700,796200
2786,838,240,9,131124,1180116
2787,88,239,2,230044,460088
2788,407,93,2,189363,378726
2789,205,394,7,105025,735175
2790,67,206,6,247053,1482318
2791,619,163,6,342990,2057940
2792,720,249,4,409488,1637952
2793,118,380,8,176948,1415584
2794,40,143,8,461405,3691240
2795,482,280,3,44343,133029
2796,328,75,4,242877,971508
2797,616,291,1,135868,135868
2798,64,397,7,220155,1541085
2799,809,480,6,384207,2305242
2800,219,221,8,122722,981776
2801,889,28,4,481781,1927124
2802,277,12,7,283319,1983233
2803,86,130,3,267281,801843
2804,281,73,2,71160,142320
2805,306,208,2,89965,179930
2806,893,448,8,97009,776072
2807,220,215,9,440707,3966363
2808,189,343,5,456666,2283330
2809,95,426,1,218336,218336
2810,351,459,7,165854,1160978
2811,169,494,5,282265,1411325
2812,430,102,6,373416,2240496
2813,549,247,8,192220,1537760
2814,714,353,3,431496,1294488
2815,710,224,6,25081,150486
2816,843,293,7,276447,1935129
2817,802,6,9,166969,1502721
2818,204,458,10,355112,3551120
2819,632,40,10,237460,2374600
2820,681,75,6,242877,1457262
2821,15,422,6,57532,345192
2822,152,78,8,230480,1843840
2823,117,256,6,24390,146340
2824,270,406,7,122895,860265
2825,462,267,1,102946,102946
2826,650,483,3,28744,86232
2827,100,231,10,63293,632930
2828,764,19,4,448413,1793652
2829,714,97,7,65232,456624
2830,616,280,3,44343,133029
2831,357,194,4,271175,1084700
2832,696,108,4,202234,808936
2833,380,296,1,325799,325799
2834,17,417,6,110941,665646
2835,515,155,5,458114,2290570
2836,717,420,2,132117,264234
2837,424,256,8,24390,195120
2838,361,211,6,341162,2046972
2839,437,425,9,7716,69444
2840,117,268,6,197595,1185570
2841,470,475,3,52679,158037
2842,182,220,6,207462,1244772
2843,167,284,10,128729,1287290
2844,391,278,7,327359,2291513
2845,650,146,7,283189,1982323
2846,878,146,10,283189,2831890
2847,826,51,2,177259,354518
2848,92,429,2,154639,309278
2849,632,333,1,346379,346379
2850,107,478,7,244493,1711451
2851,558,255,10,380413,3804130
2852,516,52,8,418476,3347808
2853,684,298,1,452126,452126
2854,217,149,7,128872,902104
2855,565,115,8,237318,1898544
2856,201,196,2,318129,636258
2857,128,439,8,161443,1291544
2858,423,180,8,179777,1438216
2859,8,465,7,223022,1561154
2860,801,482,6,396016,2376096
2861,291,115,9,237318,2135862
2862,315,138,5,425123,2125615
2863,690,430,7,481020,3367140
2864,425,124,1,112176,112176
2865,27,17,1,44478,44478
2866,861,79,6,221957,1331742
2867,840,419,9,76970,692730
2868,326,380,10,176948,1769480
2869,586,172,3,235383,706149
2870,570,221,4,122722,490888
2871,198,499,7,86328,604296
2872,849,316,7,72284,505988
2873,440,27,10,344556,3445560
2874,746,66,7,327493,2292451
2875,326,89,7,356279,2493953
2876,448,265,3,234088,702264
2877,728,119,2,185969,371938
2878,517,411,3,474636,1423908
2879,804,61,10,71457,714570
2880,858,201,5,399469,1997345
2881,331,284,3,128729,386187
2882,96,105,2,301915,603830
2883,12,14,7,484224,3389568
2884,157,322,10,186415,1864150
2885,725,15,10,427832,4278320
2886,586,279,2,340266,680532
2887,761,196,1,318129,318129
2888,465,376,3,267184,801552
2889,192,325,6,70625,423750
2890,305,123,4,319218,1276872
2891,861,100,9,324288,2918592
2892,789,126,7,156753,1097271
2893,282,134,1,306863,306863
2894,643,43,3,36745,110235
2895,888,12,10,283319,2833190
2896,471,53,2,150371,300742
2897,126,475,10,52679,526790
2898,290,55,3,423651,1270953
2899,96,135,3,376981,1130943
2900,865,40,8,237460,1899680
2901,401,186,4,431343,1725372
2902,815,52,8,418476,3347808
2903,76,12,7,283319,1983233
2904,216,250,2,74945,149890
2905,385,352,7,135165,946155
2906,649,456,6,142129,852774
2907,828,466,8,402069,3216552
2908,306,83,3,85026,255078
2909,676,6,3,166969,500907
2910,876,291,10,135868,1358680
2911,352,17,2,44478,88956
2912,629,178,8,297533,2380264
2913,6,308,9,18780,169020
2914,760,82,9,353708,3183372
2915,198,131,2,42788,85576
2916,549,311,1,167157,167157
2917,525,12,9,283319,2549871
2918,222,390,3,383221,1149663
2919,118,444,6,178373,1070238
2920,31,461,4,366910,1467640
2921,226,168,3,267860,803580
2922,275,43,3,36745,110235
2923,205,141,8,132567,1060536
2924,357,489,2,201325,402650
2925,668,363,9,449162,4042458
2926,764,151,8,320830,2566640
2927,447,415,8,489447,3915576
2928,198,263,7,458927,3212489
2929,203,129,3,284226,852678
2930,403,352,5,135165,675825
2931,813,53,10,150371,1503710
2932,320,393,10,21552,215520
2933,740,85,4,53879,215516
2934,457,250,7,74945,524615
2935,766,217,10,468800,4688000
2936,638,140,6,51205,307230
2937,393,56,10,351584,3515840
2938,581,220,4,207462,829848
2939,648,181,6,485639,2913834
2940,461,420,2,132117,264234
2941,524,86,1,395379,395379
2942,420,130,10,267281,2672810
2943,847,151,10,320830,3208300
2944,361,450,9,50475,454275
2945,118,204,1,478942,478942
2946,440,93,6,189363,1136178
2947,367,405,3,134247,402741
2948,221,126,2,156753,313506
2949,381,337,6,133386,800316
2950,126,75,6,242877,1457262
2951,705,5,6,334382,2006292
2952,219,6,6,166969,1001814
2953,815,239,10,230044,2300440
2954,576,165,4,247594,990376
2955,291,34,7,356527,2495689
2956,540,309,4,250055,1000220
2957,575,112,2,468125,936250
2958,827,143,10,461405,4614050
2959,588,441,2,243209,486418
2960,699,458,7,355112,2485784
2961,326,388,7,317952,2225664
2962,203,417,6,110941,665646
2963,822,101,1,20179,20179
2964,48,253,8,369584,2956672
2965,123,141,7,132567,927969
2966,176,64,8,274084,2192672
2967,606,308,6,18780,112680
2968,591,197,4,90064,360256
2969,19,11,5,110274,551370
2970,5,330,10,446728,4467280
2971,292,467,8,404433,3235464
2972,38,68,7,36890,258230
2973,541,459,9,165854,1492686
2974,661,21,6,12297,73782
2975,482,9,2,481906,963812
2976,741,49,7,40971,286797
2977,325,155,5,458114,2290570
2978,410,386,6,223387,1340322
2979,794,41,9,453502,4081518
2980,628,161,8,24717,197736
2981,306,25,7,252189,1765323
2982,506,357,8,265765,2126120
2983,864,435,2,494644,989288
2984,106,192,10,86235,862350
2985,49,15,4,427832,1711328
2986,143,423,1,381102,381102
2987,883,54,6,73153,438918
2988,232,353,7,431496,3020472
2989,196,88,2,312476,624952
2990,836,371,6,437700,2626200
2991,6,463,9,119886,1078974
2992,266,479,1,297970,297970
2993,114,453,1,141726,141726
2994,77,25,5,252189,1260945
2995,705,136,6,156789,940734
2996,277,314,7,70707,494949
2997,142,358,3,211172,633516
2998,123,299,8,95521,764168
2999,883,65,6,241981,1451886
3000,871,76,10,56998,569980
