id_cliente,nombre,email,estado
1,Cliente_1,cliente1@correo.cl,Activo
2,Cliente_2,cliente2@correo.cl,Activo
3,Cliente_3,cliente3@correo.cl,Inactivo
4,Cliente_4,cliente4@correo.cl,Activo
5,Cliente_5,cliente5@correo.cl,Activo
6,Cliente_6,cliente6@correo.cl,Activo
7,Cliente_7,cliente7@correo.cl,Activo
8,Cliente_8,cliente8@correo.cl,Activo
9,Cliente_9,cliente9@correo.cl,Inactivo
10,Cliente_10,cliente10@correo.cl,Activo
11,Cliente_11,cliente11@correo.cl,Activo
12,Cliente_12,cliente12@correo.cl,Activo
13,Cliente_13,cliente13@correo.cl,Activo
14,Cliente_14,cliente14@correo.cl,Activo
15,Cliente_15,cliente15@correo.cl,Activo
16,Cliente_16,cliente16@correo.cl,Activo
17,Cliente_17,cliente17@correo.cl,Inactivo
18,Cliente_18,cliente18@correo.cl,Activo
19,Cliente_19,cliente19@correo.cl,Inactivo
20,Cliente_20,cliente20@correo.cl,Inactivo
21,Cliente_21,cliente21@correo.cl,Activo
22,Cliente_22,cliente22@correo.cl,Activo
23,Cliente_23,cliente23@correo.cl,Inactivo
24,Cliente_24,cliente24@correo.cl,Inactivo
25,Cliente_25,cliente25@correo.cl,Inactivo
26,Cliente_26,cliente26@correo.cl,Activo
27,Cliente_27,cliente27@correo.cl,Activo
28,Cliente_28,cliente28@correo.cl,Inactivo
29,Cliente_29,cliente29@correo.cl,Activo
30,Cliente_30,cliente30@correo.cl,Activo
31,Cliente_31,cliente31@correo.cl,Inactivo
32,Cliente_32,cliente32@correo.cl,Activo
33,Cliente_33,cliente33@correo.cl,Inactivo
34,Cliente_34,cliente34@correo.cl,Inactivo
35,Cliente_35,cliente35@correo.cl,Inactivo
36,Cliente_36,cliente36@correo.cl,Activo
37,Cliente_37,cliente37@correo.cl,Inactivo
38,Cliente_38,cliente38@correo.cl,Activo
39,Cliente_39,cliente39@correo.cl,Inactivo
40,Cliente_40,cliente40@correo.cl,Activo
41,Cliente_41,cliente41@correo.cl,Inactivo
42,Cliente_42,cliente42@correo.cl,Inactivo
43,Cliente_43,cliente43@correo.cl,Activo
44,Cliente_44,cliente44@correo.cl,Activo
45,Cliente_45,cliente45@correo.cl,Activo
46,Cliente_46,cliente46@correo.cl,Activo
47,Cliente_47,cliente47@correo.cl,Inactivo
48,Cliente_48,cliente48@correo.cl,Activo
49,Cliente_49,cliente49@correo.cl,Activo
50,Cliente_50,cliente50@correo.cl,Activo
51,Cliente_51,cliente51@correo.cl,Inactivo
52,Cliente_52,cliente52@correo.cl,Inactivo
53,Cliente_53,cliente53@correo.cl,Inactivo
54,Cliente_54,cliente54@correo.cl,Inactivo
55,Cliente_55,cliente55@correo.cl,Activo
56,Cliente_56,cliente56@correo.cl,Inactivo
57,Cliente_57,cliente57@correo.cl,Inactivo
58,Cliente_58,cliente58@correo.cl,Activo
59,Cliente_59,cliente59@correo.cl,Inactivo
60,Cliente_60,cliente60@correo.cl,Activo
61,Cliente_61,cliente61@correo.cl,Activo
62,Cliente_62,cliente62@correo.cl,Activo
63,Cliente_63,cliente63@correo.cl,Activo
64,Cliente_64,cliente64@correo.cl,Inactivo
65,Cliente_65,cliente65@correo.cl,Inactivo
66,Cliente_66,cliente66@correo.cl,Inactivo
67,Cliente_67,cliente67@correo.cl,Activo
68,Cliente_68,cliente68@correo.cl,Inactivo
69,Cliente_69,cliente69@correo.cl,Activo
70,Cliente_70,cliente70@correo.cl,Activo
71,Cliente_71,cliente71@correo.cl,Activo
72,Cliente_72,cliente72@correo.cl,Inactivo
73,Cliente_73,cliente73@correo.cl,Inactivo
74,Cliente_74,cliente74@correo.cl,Inactivo
75,Cliente_75,cliente75@correo.cl,Activo
76,Cliente_76,cliente76@correo.cl,Activo
77,Cliente_77,cliente77@correo.cl,Inactivo
78,Cliente_78,cliente78@correo.cl,Activo
79,Cliente_79,cliente79@correo.cl,Inactivo
80,Cliente_80,cliente80@correo.cl,Inactivo
81,Cliente_81,cliente81@correo.cl,Inactivo
82,Cliente_82,cliente82@correo.cl,Activo
83,Cliente_83,cliente83@correo.cl,Inactivo
84,Cliente_84,cliente84@correo.cl,Activo
85,Cliente_85,cliente85@correo.cl,Activo
86,Cliente_86,cliente86@correo.cl,Inactivo
87,Cliente_87,cliente87@correo.cl,Inactivo
88,Cliente_88,cliente88@correo.cl,Inactivo
89,Cliente_89,cliente89@correo.cl,Inactivo
90,Cliente_90,cliente90@correo.cl,Activo
91,Cliente_91,cliente91@correo.cl,Activo
92,Cliente_92,cliente92@correo.cl,Inactivo
93,Cliente_93,cliente93@correo.cl,Activo
94,Cliente_94,cliente94@correo.cl,Activo
95,Cliente_95,cliente95@correo.cl,Activo
96,Cliente_96,cliente96@correo.cl,Activo
97,Cliente_97,cliente97@correo.cl,Activo
98,Cliente_98,cliente98@correo.cl,Inactivo
99,Cliente_99,cliente99@correo.cl,Activo
100,Cliente_100,cliente100@correo.cl,Inactivo
101,Cliente_101,cliente101@correo.cl,Inactivo
102,Cliente_102,cliente102@correo.cl,Inactivo
103,Cliente_103,cliente103@correo.cl,Inactivo
104,Cliente_104,cliente104@correo.cl,Activo
105,Cliente_105,cliente105@correo.cl,Activo
106,Cliente_106,cliente106@correo.cl,Inactivo
107,Cliente_107,cliente107@correo.cl,Inactivo
108,Cliente_108,cliente108@correo.cl,Activo
109,Cliente_109,cliente109@correo.cl,Inactivo
110,Cliente_110,cliente110@correo.cl,Inactivo
111,Cliente_111,cliente111@correo.cl,Activo
112,Cliente_112,cliente112@correo.cl,Inactivo
113,Cliente_113,cliente113@correo.cl,Activo
114,Cliente_114,cliente114@correo.cl,Inactivo
115,Cliente_115,cliente115@correo.cl,Activo
116,Cliente_116,cliente116@correo.cl,Activo
117,Cliente_117,cliente117@correo.cl,Inactivo
118,Cliente_118,cliente118@correo.cl,Activo
119,Cliente_119,cliente119@correo.cl,Activo
120,Cliente_120,cliente120@correo.cl,Inactivo
121,Cliente_121,cliente121@correo.cl,Activo
122,Cliente_122,cliente122@correo.cl,Activo
123,Cliente_123,cliente123@correo.cl,Inactivo
124,Cliente_124,cliente124@correo.cl,Inactivo
125,Cliente_125,cliente125@correo.cl,Activo
126,Cliente_126,cliente126@correo.cl,Activo
127,Cliente_127,cliente127@correo.cl,Inactivo
128,Cliente_128,cliente128@correo.cl,Inactivo
129,Cliente_129,cliente129@correo.cl,Activo
130,Cliente_130,cliente130@correo.cl,Activo
131,Cliente_131,cliente131@correo.cl,Activo
132,Cliente_132,cliente132@correo.cl,Activo
133,Cliente_133,cliente133@correo.cl,Activo
134,Cliente_134,cliente134@correo.cl,Inactivo
135,Cliente_135,cliente135@correo.cl,Activo
136,Cliente_136,cliente136@correo.cl,Activo
137,Cliente_137,cliente137@correo.cl,Activo
138,Cliente_138,cliente138@correo.cl,Inactivo
139,Cliente_139,cliente139@correo.cl,Activo
140,Cliente_140,cliente140@correo.cl,Inactivo
141,Cliente_141,cliente141@correo.cl,Inactivo
142,Cliente_142,cliente142@correo.cl,Activo
143,Cliente_143,cliente143@correo.cl,Activo
144,Cliente_144,cliente144@correo.cl,Inactivo
145,Cliente_145,cliente145@correo.cl,Inactivo
146,Cliente_146,cliente146@correo.cl,Inactivo
147,Cliente_147,cliente147@correo.cl,Inactivo
148,Cliente_148,cliente148@correo.cl,Inactivo
149,Cliente_149,cliente149@correo.cl,Activo
150,Cliente_150,cliente150@correo.cl,Activo
151,Cliente_151,cliente151@correo.cl,Activo
152,Cliente_152,cliente152@correo.cl,Activo
153,Cliente_153,cliente153@correo.cl,Inactivo
154,Cliente_154,cliente154@correo.cl,Activo
155,Cliente_155,cliente155@correo.cl,Activo
156,Cliente_156,cliente156@correo.cl,Activo
157,Cliente_157,cliente157@correo.cl,Activo
158,Cliente_158,cliente158@correo.cl,Activo
159,Cliente_159,cliente159@correo.cl,Activo
160,Cliente_160,cliente160@correo.cl,Activo
161,Cliente_161,cliente161@correo.cl,Activo
162,Cliente_162,cliente162@correo.cl,Activo
163,Cliente_163,cliente163@correo.cl,Inactivo
164,Cliente_164,cliente164@correo.cl,Activo
165,Cliente_165,cliente165@correo.cl,Activo
166,Cliente_166,cliente166@correo.cl,Inactivo
167,Cliente_167,cliente167@correo.cl,Inactivo
168,Cliente_168,cliente168@correo.cl,Activo
169,Cliente_169,cliente169@correo.cl,Activo
170,Cliente_170,cliente170@correo.cl,Inactivo
171,Cliente_171,cliente171@correo.cl,Activo
172,Cliente_172,cliente172@correo.cl,Inactivo
173,Cliente_173,cliente173@correo.cl,Inactivo
174,Cliente_174,cliente174@correo.cl,Activo
175,Cliente_175,cliente175@correo.cl,Activo
176,Cliente_176,cliente176@correo.cl,Activo
177,Cliente_177,cliente177@correo.cl,Inactivo
178,Cliente_178,cliente178@correo.cl,Inactivo
179,Cliente_179,cliente179@correo.cl,Inactivo
180,Cliente_180,cliente180@correo.cl,Inactivo
181,Cliente_181,cliente181@correo.cl,Inactivo
182,Cliente_182,cliente182@correo.cl,Activo
183,Cliente_183,cliente183@correo.cl,Activo
184,Cliente_184,cliente184@correo.cl,Activo
185,Cliente_185,cliente185@correo.cl,Inactivo
186,Cliente_186,cliente186@correo.cl,Inactivo
187,Cliente_187,cliente187@correo.cl,Activo
188,Cliente_188,cliente188@correo.cl,Activo
189,Cliente_189,cliente189@correo.cl,Activo
190,Cliente_190,cliente190@correo.cl,Activo
191,Cliente_191,cliente191@correo.cl,Inactivo
192,Cliente_192,cliente192@correo.cl,Activo
193,Cliente_193,cliente193@correo.cl,Inactivo
194,Cliente_194,cliente194@correo.cl,Activo
195,Cliente_195,cliente195@correo.cl,Inactivo
196,Cliente_196,cliente196@correo.cl,Inactivo
197,Cliente_197,cliente197@correo.cl,Activo
198,Cliente_198,cliente198@correo.cl,Activo
199,Cliente_199,cliente199@correo.cl,Inactivo
200,Cliente_200,cliente200@correo.cl,Activo
201,Cliente_201,cliente201@correo.cl,Activo
202,Cliente_202,cliente202@correo.cl,Activo
203,Cliente_203,cliente203@correo.cl,Activo
204,Cliente_204,cliente204@correo.cl,Activo
205,Cliente_205,cliente205@correo.cl,Activo
206,Cliente_206,cliente206@correo.cl,Inactivo
207,Cliente_207,cliente207@correo.cl,Inactivo
208,Cliente_208,cliente208@correo.cl,Inactivo
209,Cliente_209,cliente209@correo.cl,Activo
210,Cliente_210,cliente210@correo.cl,Inactivo
211,Cliente_211,cliente211@correo.cl,Activo
212,Cliente_212,cliente212@correo.cl,Activo
213,Cliente_213,cliente213@correo.cl,Inactivo
214,Cliente_214,cliente214@correo.cl,Activo
215,Cliente_215,cliente215@correo.cl,Inactivo
216,Cliente_216,cliente216@correo.cl,Inactivo
217,Cliente_217,cliente217@correo.cl,Inactivo
218,Cliente_218,cliente218@correo.cl,Inactivo
219,Cliente_219,cliente219@correo.cl,Inactivo
220,Cliente_220,cliente220@correo.cl,Inactivo
221,Cliente_221,cliente221@correo.cl,Activo
222,Cliente_222,cliente222@correo.cl,Activo
223,Cliente_223,cliente223@correo.cl,Inactivo
224,Cliente_224,cliente224@correo.cl,Activo
225,Cliente_225,cliente225@correo.cl,Activo
226,Cliente_226,cliente226@correo.cl,Activo
227,Cliente_227,cliente227@correo.cl,Inactivo
228,Cliente_228,cliente228@correo.cl,Activo
229,Cliente_229,cliente229@correo.cl,Activo
230,Cliente_230,cliente230@correo.cl,Inactivo
231,Cliente_231,cliente231@correo.cl,Activo
232,Cliente_232,cliente232@correo.cl,Activo
233,Cliente_233,cliente233@correo.cl,Activo
234,Cliente_234,cliente234@correo.cl,Activo
235,Cliente_235,cliente235@correo.cl,Activo
236,Cliente_236,cliente236@correo.cl,Activo
237,Cliente_237,cliente237@correo.cl,Activo
238,Cliente_238,cliente238@correo.cl,Inactivo
239,Cliente_239,cliente239@correo.cl,Activo
240,Cliente_240,cliente240@correo.cl,Activo
241,Cliente_241,cliente241@correo.cl,Activo
242,Cliente_242,cliente242@correo.cl,Activo
243,Cliente_243,cliente243@correo.cl,Inactivo
244,Cliente_244,cliente244@correo.cl,Inactivo
245,Cliente_245,cliente245@correo.cl,Inactivo
246,Cliente_246,cliente246@correo.cl,Activo
247,Cliente_247,cliente247@correo.cl,Inactivo
248,Cliente_248,cliente248@correo.cl,Activo
249,Cliente_249,cliente249@correo.cl,Inactivo
250,Cliente_250,cliente250@correo.cl,Inactivo
251,Cliente_251,cliente251@correo.cl,Activo
252,Cliente_252,cliente252@correo.cl,Inactivo
253,Cliente_253,cliente253@correo.cl,Inactivo
254,Cliente_254,cliente254@correo.cl,Inactivo
255,Cliente_255,cliente255@correo.cl,Activo
256,Cliente_256,cliente256@correo.cl,Activo
257,Cliente_257,cliente257@correo.cl,Inactivo
258,Cliente_258,cliente258@correo.cl,Activo
259,Cliente_259,cliente259@correo.cl,Activo
260,Cliente_260,cliente260@correo.cl,Activo
261,Cliente_261,cliente261@correo.cl,Inactivo
262,Cliente_262,cliente262@correo.cl,Activo
263,Cliente_263,cliente263@correo.cl,Inactivo
264,Cliente_264,cliente264@correo.cl,Activo
265,Cliente_265,cliente265@correo.cl,Activo
266,Cliente_266,cliente266@correo.cl,Inactivo
267,Cliente_267,cliente267@correo.cl,Inactivo
268,Cliente_268,cliente268@correo.cl,Activo
269,Cliente_269,cliente269@correo.cl,Inactivo
270,Cliente_270,cliente270@correo.cl,Inactivo
271,Cliente_271,cliente271@correo.cl,Activo
272,Cliente_272,cliente272@correo.cl,Inactivo
273,Cliente_273,cliente273@correo.cl,Activo
274,Cliente_274,cliente274@correo.cl,Activo
275,Cliente_275,cliente275@correo.cl,Inactivo
276,Cliente_276,cliente276@correo.cl,Activo
277,Cliente_277,cliente277@correo.cl,Activo
278,Cliente_278,cliente278@correo.cl,Activo
279,Cliente_279,cliente279@correo.cl,Inactivo
280,Cliente_280,cliente280@correo.cl,Inactivo
281,Cliente_281,cliente281@correo.cl,Activo
282,Cliente_282,cliente282@correo.cl,Inactivo
283,Cliente_283,cliente283@correo.cl,Activo
284,Cliente_284,cliente284@correo.cl,Inactivo
285,Cliente_285,cliente285@correo.cl,Inactivo
286,Cliente_286,cliente286@correo.cl,Inactivo
287,Cliente_287,cliente287@correo.cl,Activo
288,Cliente_288,cliente288@correo.cl,Activo
289,Cliente_289,cliente289@correo.cl,Inactivo
290,Cliente_290,cliente290@correo.cl,Inactivo
291,Cliente_291,cliente291@correo.cl,Activo
292,Cliente_292,cliente292@correo.cl,Activo
293,Cliente_293,cliente293@correo.cl,Inactivo
294,Cliente_294,cliente294@correo.cl,Activo
295,Cliente_295,cliente295@correo.cl,Inactivo
296,Cliente_296,cliente296@correo.cl,Activo
297,Cliente_297,cliente297@correo.cl,Inactivo
298,Cliente_298,cliente298@correo.cl,Inactivo
299,Cliente_299,cliente299@correo.cl,Activo
300,Cliente_300,cliente300@correo.cl,Activo
301,Cliente_301,cliente301@correo.cl,Activo
302,Cliente_302,cliente302@correo.cl,Activo
303,Cliente_303,cliente303@correo.cl,Activo
304,Cliente_304,cliente304@correo.cl,Inactivo
305,Cliente_305,cliente305@correo.cl,Activo
306,Cliente_306,cliente306@correo.cl,Inactivo
307,Cliente_307,cliente307@correo.cl,Activo
308,Cliente_308,cliente308@correo.cl,Activo
309,Cliente_309,cliente309@correo.cl,Inactivo
310,Cliente_310,cliente310@correo.cl,Inactivo
311,Cliente_311,cliente311@correo.cl,Activo
312,Cliente_312,cliente312@correo.cl,Inactivo
313,Cliente_313,cliente313@correo.cl,Activo
314,Cliente_314,cliente314@correo.cl,Activo
315,Cliente_315,cliente315@correo.cl,Activo
316,Cliente_316,cliente316@correo.cl,Inactivo
317,Cliente_317,cliente317@correo.cl,Inactivo
318,Cliente_318,cliente318@correo.cl,Activo
319,Cliente_319,cliente319@correo.cl,Activo
320,Cliente_320,cliente320@correo.cl,Activo
321,Cliente_321,cliente321@correo.cl,Activo
322,Cliente_322,cliente322@correo.cl,Inactivo
323,Cliente_323,cliente323@correo.cl,Activo
324,Cliente_324,cliente324@correo.cl,Activo
325,Cliente_325,cliente325@correo.cl,Inactivo
326,Cliente_326,cliente326@correo.cl,Inactivo
327,Cliente_327,cliente327@correo.cl,Activo
328,Cliente_328,cliente328@correo.cl,Inactivo
329,Cliente_329,cliente329@correo.cl,Activo
330,Cliente_330,cliente330@correo.cl,Activo
331,Cliente_331,cliente331@correo.cl,Inactivo
332,Cliente_332,cliente332@correo.cl,Activo
333,Cliente_333,cliente333@correo.cl,Inactivo
334,Cliente_334,cliente334@correo.cl,Activo
335,Cliente_335,cliente335@correo.cl,Activo
336,Cliente_336,cliente336@correo.cl,Inactivo
337,Cliente_337,cliente337@correo.cl,Inactivo
338,Cliente_338,cliente338@correo.cl,Inactivo
339,Cliente_339,cliente339@correo.cl,Activo
340,Cliente_340,cliente340@correo.cl,Activo
341,Cliente_341,cliente341@correo.cl,Activo
342,Cliente_342,cliente342@correo.cl,Activo
343,Cliente_343,cliente343@correo.cl,Inactivo
344,Cliente_344,cliente344@correo.cl,Inactivo
345,Cliente_345,cliente345@correo.cl,Inactivo
346,Cliente_346,cliente346@correo.cl,Activo
347,Cliente_347,cliente347@correo.cl,Inactivo
348,Cliente_348,cliente348@correo.cl,Inactivo
349,Cliente_349,cliente349@correo.cl,Inactivo
350,Cliente_350,cliente350@correo.cl,Inactivo
351,Cliente_351,cliente351@correo.cl,Activo
352,Cliente_352,cliente352@correo.cl,Activo
353,Cliente_353,cliente353@correo.cl,Inactivo
354,Cliente_354,cliente354@correo.cl,Activo
355,Cliente_355,cliente355@correo.cl,Inactivo
356,Cliente_356,cliente356@correo.cl,Activo
357,Cliente_357,cliente357@correo.cl,Activo
358,Cliente_358,cliente358@correo.cl,Inactivo
359,Cliente_359,cliente359@correo.cl,Inactivo
360,Cliente_360,cliente360@correo.cl,Inactivo
361,Cliente_361,cliente361@correo.cl,Inactivo
362,Cliente_362,cliente362@correo.cl,Activo
363,Cliente_363,cliente363@correo.cl,Inactivo
364,Cliente_364,cliente364@correo.cl,Activo
365,Cliente_365,cliente365@correo.cl,Inactivo
366,Cliente_366,cliente366@correo.cl,Activo
367,Cliente_367,cliente367@correo.cl,Inactivo
368,Cliente_368,cliente368@correo.cl,Activo
369,Cliente_369,cliente369@correo.cl,Activo
370,Cliente_370,cliente370@correo.cl,Inactivo
371,Cliente_371,cliente371@correo.cl,Inactivo
372,Cliente_372,cliente372@correo.cl,Activo
373,Cliente_373,cliente373@correo.cl,Inactivo
374,Cliente_374,cliente374@correo.cl,Inactivo
375,Cliente_375,cliente375@correo.cl,Activo
376,Cliente_376,cliente376@correo.cl,Inactivo
377,Cliente_377,cliente377@correo.cl,Inactivo
378,Cliente_378,cliente378@correo.cl,Inactivo
379,Cliente_379,cliente379@correo.cl,Inactivo
380,Cliente_380,cliente380@correo.cl,Inactivo
381,Cliente_381,cliente381@correo.cl,Inactivo
382,Cliente_382,cliente382@correo.cl,Activo
383,Cliente_383,cliente383@correo.cl,Activo
384,Cliente_384,cliente384@correo.cl,Inactivo
385,Cliente_385,cliente385@correo.cl,Inactivo
386,Cliente_386,cliente386@correo.cl,Activo
387,Cliente_387,cliente387@correo.cl,Inactivo
388,Cliente_388,cliente388@correo.cl,Inactivo
389,Cliente_389,cliente389@correo.cl,Activo
390,Cliente_390,cliente390@correo.cl,Inactivo
391,Cliente_391,cliente391@correo.cl,Inactivo
392,Cliente_392,cliente392@correo.cl,Activo
393,Cliente_393,cliente393@correo.cl,Inactivo
394,Cliente_394,cliente394@correo.cl,Inactivo
395,Cliente_395,cliente395@correo.cl,Inactivo
396,Cliente_396,cliente396@correo.cl,Inactivo
397,Cliente_397,cliente397@correo.cl,Inactivo
398,Cliente_398,cliente398@correo.cl,Activo
399,Cliente_399,cliente399@correo.cl,Inactivo
400,Cliente_400,cliente400@correo.cl,Activo
401,Cliente_401,cliente401@correo.cl,Activo
402,Cliente_402,cliente402@correo.cl,Inactivo
403,Cliente_403,cliente403@correo.cl,Inactivo
404,Cliente_404,cliente404@correo.cl,Activo
405,Cliente_405,cliente405@correo.cl,Activo
406,Cliente_406,cliente406@correo.cl,Inactivo
407,Cliente_407,cliente407@correo.cl,Activo
408,Cliente_408,cliente408@correo.cl,Activo
409,Cliente_409,cliente409@correo.cl,Activo
410,Cliente_410,cliente410@correo.cl,Activo
411,Cliente_411,cliente411@correo.cl,Activo
412,Cliente_412,cliente412@correo.cl,Activo
413,Cliente_413,cliente413@correo.cl,Inactivo
414,Cliente_414,cliente414@correo.cl,Activo
415,Cliente_415,cliente415@correo.cl,Inactivo
416,Cliente_416,cliente416@correo.cl,Inactivo
417,Cliente_417,cliente417@correo.cl,Activo
418,Cliente_418,cliente418@correo.cl,Inactivo
419,Cliente_419,cliente419@correo.cl,Inactivo
420,Cliente_420,cliente420@correo.cl,Inactivo
421,Cliente_421,cliente421@correo.cl,Activo
422,Cliente_422,cliente422@correo.cl,Activo
423,Cliente_423,cliente423@correo.cl,Activo
424,Cliente_424,cliente424@correo.cl,Activo
425,Cliente_425,cliente425@correo.cl,Inactivo
426,Cliente_426,cliente426@correo.cl,Activo
427,Cliente_427,cliente427@correo.cl,Activo
428,Cliente_428,cliente428@correo.cl,Inactivo
429,Cliente_429,cliente429@correo.cl,Activo
430,Cliente_430,cliente430@correo.cl,Activo
431,Cliente_431,cliente431@correo.cl,Activo
432,Cliente_432,cliente432@correo.cl,Inactivo
433,Cliente_433,cliente433@correo.cl,Activo
434,Cliente_434,cliente434@correo.cl,Inactivo
435,Cliente_435,cliente435@correo.cl,Inactivo
436,Cliente_436,cliente436@correo.cl,Inactivo
437,Cliente_437,cliente437@correo.cl,Inactivo
438,Cliente_438,cliente438@correo.cl,Inactivo
439,Cliente_439,cliente439@correo.cl,Activo
440,Cliente_440,cliente440@correo.cl,Inactivo
441,Cliente_441,cliente441@correo.cl,Inactivo
442,Cliente_442,cliente442@correo.cl,Inactivo
443,Cliente_443,cliente443@correo.cl,Activo
444,Cliente_444,cliente444@correo.cl,Inactivo
445,Cliente_445,cliente445@correo.cl,Inactivo
446,Cliente_446,cliente446@correo.cl,Activo
447,Cliente_447,cliente447@correo.cl,Inactivo
448,Cliente_448,cliente448@correo.cl,Inactivo
449,Cliente_449,cliente449@correo.cl,Activo
450,Cliente_450,cliente450@correo.cl,Inactivo
451,Cliente_451,cliente451@correo.cl,Activo
452,Cliente_452,cliente452@correo.cl,Inactivo
453,Cliente_453,cliente453@correo.cl,Inactivo
454,Cliente_454,cliente454@correo.cl,Inactivo
455,Cliente_455,cliente455@correo.cl,Activo
456,Cliente_456,cliente456@correo.cl,Activo
457,Cliente_457,cliente457@correo.cl,Activo
458,Cliente_458,cliente458@correo.cl,Activo
459,Cliente_459,cliente459@correo.cl,Inactivo
460,Cliente_460,cliente460@correo.cl,Activo
461,Cliente_461,cliente461@correo.cl,Activo
462,Cliente_462,cliente462@correo.cl,Activo
463,Cliente_463,cliente463@correo.cl,Inactivo
464,Cliente_464,cliente464@correo.cl,Inactivo
465,Cliente_465,cliente465@correo.cl,Inactivo
466,Cliente_466,cliente466@correo.cl,Inactivo
467,Cliente_467,cliente467@correo.cl,Inactivo
468,Cliente_468,cliente468@correo.cl,Activo
469,Cliente_469,cliente469@correo.cl,Activo
470,Cliente_470,cliente470@correo.cl,Inactivo
471,Cliente_471,cliente471@correo.cl,Inactivo
472,Cliente_472,cliente472@correo.cl,Activo
473,Cliente_473,cliente473@correo.cl,Inactivo
474,Cliente_474,cliente474@correo.cl,Inactivo
475,Cliente_475,cliente475@correo.cl,Activo
476,Cliente_476,cliente476@correo.cl,Inactivo
477,Cliente_477,cliente477@correo.cl,Inactivo
478,Cliente_478,cliente478@correo.cl,Inactivo
479,Cliente_479,cliente479@correo.cl,Inactivo
480,Cliente_480,cliente480@correo.cl,Activo
481,Cliente_481,cliente481@correo.cl,Inactivo
482,Cliente_482,cliente482@correo.cl,Activo
483,Cliente_483,cliente483@correo.cl,Inactivo
484,Cliente_484,cliente484@correo.cl,Inactivo
485,Cliente_485,cliente485@correo.cl,Inactivo
486,Cliente_486,cliente486@correo.cl,Activo
487,Cliente_487,cliente487@correo.cl,Inactivo
488,Cliente_488,cliente488@correo.cl,Inactivo
489,Cliente_489,cliente489@correo.cl,Inactivo
490,Cliente_490,cliente490@correo.cl,Activo
491,Cliente_491,cliente491@correo.cl,Inactivo
492,Cliente_492,cliente492@correo.cl,Activo
493,Cliente_493,cliente493@correo.cl,Activo
494,Cliente_494,cliente494@correo.cl,Inactivo
495,Cliente_495,cliente495@correo.cl,Activo
496,Cliente_496,cliente496@correo.cl,Activo
497,Cliente_497,cliente497@correo.cl,Inactivo
498,Cliente_498,cliente498@correo.cl,Activo
499,Cliente_499,cliente499@correo.cl,Inactivo
500,Cliente_500,cliente500@correo.cl,Activo
501,Cliente_501,cliente501@correo.cl,Activo
502,Cliente_502,cliente502@correo.cl,Inactivo
503,Cliente_503,cliente503@correo.cl,Inactivo
504,Cliente_504,cliente504@correo.cl,Inactivo
505,Cliente_505,cliente505@correo.cl,Activo
506,Cliente_506,cliente506@correo.cl,Inactivo
507,Cliente_507,cliente507@correo.cl,Inactivo
508,Cliente_508,cliente508@correo.cl,Inactivo
509,Cliente_509,cliente509@correo.cl,Inactivo
510,Cliente_510,cliente510@correo.cl,Inactivo
511,Cliente_511,cliente511@correo.cl,Inactivo
512,Cliente_512,cliente512@correo.cl,Inactivo
513,Cliente_513,cliente513@correo.cl,Activo
514,Cliente_514,cliente514@correo.cl,Inactivo
515,Cliente_515,cliente515@correo.cl,Activo
516,Cliente_516,cliente516@correo.cl,Activo
517,Cliente_517,cliente517@correo.cl,Inactivo
518,Cliente_518,cliente518@correo.cl,Activo
519,Cliente_519,cliente519@correo.cl,Activo
520,Cliente_520,cliente520@correo.cl,Activo
521,Cliente_521,cliente521@correo.cl,Activo
522,Cliente_522,cliente522@correo.cl,Activo
523,Cliente_523,cliente523@correo.cl,Activo
524,Cliente_524,cliente524@correo.cl,Activo
525,Cliente_525,cliente525@correo.cl,Activo
526,Cliente_526,cliente526@correo.cl,Activo
527,Cliente_527,cliente527@correo.cl,Activo
528,Cliente_528,cliente528@correo.cl,Inactivo
529,Cliente_529,cliente529@correo.cl,Activo
530,Cliente_530,cliente530@correo.cl,Activo
531,Cliente_531,cliente531@correo.cl,Inactivo
532,Cliente_532,cliente532@correo.cl,Inactivo
533,Cliente_533,cliente533@correo.cl,Inactivo
534,Cliente_534,cliente534@correo.cl,Activo
535,Cliente_535,cliente535@correo.cl,Activo
536,Cliente_536,cliente536@correo.cl,Activo
537,Cliente_537,cliente537@correo.cl,Inactivo
538,Cliente_538,cliente538@correo.cl,Activo
539,Cliente_539,cliente539@correo.cl,Activo
540,Cliente_540,cliente540@correo.cl,Inactivo
541,Cliente_541,cliente541@correo.cl,Inactivo
542,Cliente_542,cliente542@correo.cl,Inactivo
543,Cliente_543,cliente543@correo.cl,Activo
544,Cliente_544,cliente544@correo.cl,Activo
545,Cliente_545,cliente545@correo.cl,Activo
546,Cliente_546,cliente546@correo.cl,Activo
547,Cliente_547,cliente547@correo.cl,Inactivo
548,Cliente_548,cliente548@correo.cl,Activo
549,Cliente_549,cliente549@correo.cl,Activo
550,Cliente_550,cliente550@correo.cl,Inactivo
551,Cliente_551,cliente551@correo.cl,Inactivo
552,Cliente_552,cliente552@correo.cl,Inactivo
553,Cliente_553,cliente553@correo.cl,Activo
554,Cliente_554,cliente554@correo.cl,Inactivo
555,Cliente_555,cliente555@correo.cl,Activo
556,Cliente_556,cliente556@correo.cl,Inactivo
557,Cliente_557,cliente557@correo.cl,Inactivo
558,Cliente_558,cliente558@correo.cl,Activo
559,Cliente_559,cliente559@correo.cl,Inactivo
560,Cliente_560,cliente560@correo.cl,Inactivo
561,Cliente_561,cliente561@correo.cl,Inactivo
562,Cliente_562,cliente562@correo.cl,Activo
563,Cliente_563,cliente563@correo.cl,Inactivo
564,Cliente_564,cliente564@correo.cl,Activo
565,Cliente_565,cliente565@correo.cl,Inactivo
566,Cliente_566,cliente566@correo.cl,Inactivo
567,Cliente_567,cliente567@correo.cl,Inactivo
568,Cliente_568,cliente568@correo.cl,Inactivo
569,Cliente_569,cliente569@correo.cl,Inactivo
570,Cliente_570,cliente570@correo.cl,Inactivo
571,Cliente_571,cliente571@correo.cl,Activo
572,Cliente_572,cliente572@correo.cl,Activo
573,Cliente_573,cliente573@correo.cl,Inactivo
574,Cliente_574,cliente574@correo.cl,Inactivo
575,Cliente_575,cliente575@correo.cl,Activo
576,Cliente_576,cliente576@correo.cl,Inactivo
577,Cliente_577,cliente577@correo.cl,Inactivo
578,Cliente_578,cliente578@correo.cl,Inactivo
579,Cliente_579,cliente579@correo.cl,Activo
580,Cliente_580,cliente580@correo.cl,Inactivo
581,Cliente_581,cliente581@correo.cl,Inactivo
582,Cliente_582,cliente582@correo.cl,Activo
583,Cliente_583,cliente583@correo.cl,Inactivo
584,Cliente_584,cliente584@correo.cl,Activo
585,Cliente_585,cliente585@correo.cl,Inactivo
586,Cliente_586,cliente586@correo.cl,Inactivo
587,Cliente_587,cliente587@correo.cl,Inactivo
588,Cliente_588,cliente588@correo.cl,Inactivo
589,Cliente_589,cliente589@correo.cl,Inactivo
590,Cliente_590,cliente590@correo.cl,Activo
591,Cliente_591,cliente591@correo.cl,Activo
592,Cliente_592,cliente592@correo.cl,Activo
593,Cliente_593,cliente593@correo.cl,Activo
594,Cliente_594,cliente594@correo.cl,Inactivo
595,Cliente_595,cliente595@correo.cl,Inactivo
596,Cliente_596,cliente596@correo.cl,Activo
597,Cliente_597,cliente597@correo.cl,Inactivo
598,Cliente_598,cliente598@correo.cl,Inactivo
599,Cliente_599,cliente599@correo.cl,Inactivo
600,Cliente_600,cliente600@correo.cl,Activo
601,Cliente_601,cliente601@correo.cl,Activo
602,Cliente_602,cliente602@correo.cl,Inactivo
603,Cliente_603,cliente603@correo.cl,Activo
604,Cliente_604,cliente604@correo.cl,Inactivo
605,Cliente_605,cliente605@correo.cl,Activo
606,Cliente_606,cliente606@correo.cl,Inactivo
607,Cliente_607,cliente607@correo.cl,Inactivo
608,Cliente_608,cliente608@correo.cl,Inactivo
609,Cliente_609,cliente609@correo.cl,Inactivo
610,Cliente_610,cliente610@correo.cl,Inactivo
611,Cliente_611,cliente611@correo.cl,Inactivo
612,Cliente_612,cliente612@correo.cl,Inactivo
613,Cliente_613,cliente613@correo.cl,Inactivo
614,Cliente_614,cliente614@correo.cl,Inactivo
615,Cliente_615,cliente615@correo.cl,Inactivo
616,Cliente_616,cliente616@correo.cl,Inactivo
617,Cliente_617,cliente617@correo.cl,Activo
618,Cliente_618,cliente618@correo.cl,Activo
619,Cliente_619,cliente619@correo.cl,Activo
620,Cliente_620,cliente620@correo.cl,Inactivo
621,Cliente_621,cliente621@correo.cl,Activo
622,Cliente_622,cliente622@correo.cl,Activo
623,Cliente_623,cliente623@correo.cl,Activo
624,Cliente_624,cliente624@correo.cl,Activo
625,Cliente_625,cliente625@correo.cl,Inactivo
626,Cliente_626,cliente626@correo.cl,Inactivo
627,Cliente_627,cliente627@correo.cl,Inactivo
628,Cliente_628,cliente628@correo.cl,Activo
629,Cliente_629,cliente629@correo.cl,Activo
630,Cliente_630,cliente630@correo.cl,Inactivo
631,Cliente_631,cliente631@correo.cl,Activo
632,Cliente_632,cliente632@correo.cl,Inactivo
633,Cliente_633,cliente633@correo.cl,Activo
634,Cliente_634,cliente634@correo.cl,Inactivo
635,Cliente_635,cliente635@correo.cl,Activo
636,Cliente_636,cliente636@correo.cl,Activo
637,Cliente_637,cliente637@correo.cl,Inactivo
638,Cliente_638,cliente638@correo.cl,Activo
639,Cliente_639,cliente639@correo.cl,Activo
640,Cliente_640,cliente640@correo.cl,Inactivo
641,Cliente_641,cliente641@correo.cl,Activo
642,Cliente_642,cliente642@correo.cl,Inactivo
643,Cliente_643,cliente643@correo.cl,Activo
644,Cliente_644,cliente644@correo.cl,Activo
645,Cliente_645,cliente645@correo.cl,Inactivo
646,Cliente_646,cliente646@correo.cl,Inactivo
647,Cliente_647,cliente647@correo.cl,Inactivo
648,Cliente_648,cliente648@correo.cl,Inactivo
649,Cliente_649,cliente649@correo.cl,Inactivo
650,Cliente_650,cliente650@correo.cl,Activo
651,Cliente_651,cliente651@correo.cl,Activo
652,Cliente_652,cliente652@correo.cl,Inactivo
653,Cliente_653,cliente653@correo.cl,Inactivo
654,Cliente_654,cliente654@correo.cl,Activo
655,Cliente_655,cliente655@correo.cl,Activo
656,Cliente_656,cliente656@correo.cl,Inactivo
657,Cliente_657,cliente657@correo.cl,Inactivo
658,Cliente_658,cliente658@correo.cl,Activo
659,Cliente_659,cliente659@correo.cl,Activo
660,Cliente_660,cliente660@correo.cl,Activo
661,Cliente_661,cliente661@correo.cl,Activo
662,Cliente_662,cliente662@correo.cl,Inactivo
663,Cliente_663,cliente663@correo.cl,Activo
664,Cliente_664,cliente664@correo.cl,Activo
665,Cliente_665,cliente665@correo.cl,Activo
666,Cliente_666,cliente666@correo.cl,Inactivo
667,Cliente_667,cliente667@correo.cl,Activo
668,Cliente_668,cliente668@correo.cl,Inactivo
669,Cliente_669,cliente669@correo.cl,Inactivo
670,Cliente_670,cliente670@correo.cl,Inactivo
671,Cliente_671,cliente671@correo.cl,Inactivo
672,Cliente_672,cliente672@correo.cl,Inactivo
673,Cliente_673,cliente673@correo.cl,Inactivo
674,Cliente_674,cliente674@correo.cl,Activo
675,Cliente_675,cliente675@correo.cl,Activo
676,Cliente_676,cliente676@correo.cl,Activo
677,Cliente_677,cliente677@correo.cl,Activo
678,Cliente_678,cliente678@correo.cl,Inactivo
679,Cliente_679,cliente679@correo.cl,Activo
680,Cliente_680,cliente680@correo.cl,Activo
681,Cliente_681,cliente681@correo.cl,Activo
682,Cliente_682,cliente682@correo.cl,Activo
683,Cliente_683,cliente683@correo.cl,Activo
684,Cliente_684,cliente684@correo.cl,Activo
685,Cliente_685,cliente685@correo.cl,Activo
686,Cliente_686,cliente686@correo.cl,Inactivo
687,Cliente_687,cliente687@correo.cl,Inactivo
688,Cliente_688,cliente688@correo.cl,Inactivo
689,Cliente_689,cliente689@correo.cl,Inactivo
690,Cliente_690,cliente690@correo.cl,Activo
691,Cliente_691,cliente691@correo.cl,Activo
692,Cliente_692,cliente692@correo.cl,Inactivo
693,Cliente_693,cliente693@correo.cl,Inactivo
694,Cliente_694,cliente694@correo.cl,Inactivo
695,Cliente_695,cliente695@correo.cl,Activo
696,Cliente_696,cliente696@correo.cl,Activo
697,Cliente_697,cliente697@correo.cl,Inactivo
698,Cliente_698,cliente698@correo.cl,Activo
699,Cliente_699,cliente699@correo.cl,Inactivo
700,Cliente_700,cliente700@correo.cl,Activo
701,Cliente_701,cliente701@correo.cl,Activo
702,Cliente_702,cliente702@correo.cl,Activo
703,Cliente_703,cliente703@correo.cl,Inactivo
704,Cliente_704,cliente704@correo.cl,Activo
705,Cliente_705,cliente705@correo.cl,Activo
706,Cliente_706,cliente706@correo.cl,Activo
707,Cliente_707,cliente707@correo.cl,Activo
708,Cliente_708,cliente708@correo.cl,Inactivo
709,Cliente_709,cliente709@correo.cl,Inactivo
710,Cliente_710,cliente710@correo.cl,Inactivo
711,Cliente_711,cliente711@correo.cl,Activo
712,Cliente_712,cliente712@correo.cl,Inactivo
713,Cliente_713,cliente713@correo.cl,Inactivo
714,Cliente_714,cliente714@correo.cl,Inactivo
715,Cliente_715,cliente715@correo.cl,Inactivo
716,Cliente_716,cliente716@correo.cl,Inactivo
717,Cliente_717,cliente717@correo.cl,Inactivo
718,Cliente_718,cliente718@correo.cl,Activo
719,Cliente_719,cliente719@correo.cl,Activo
720,Cliente_720,cliente720@correo.cl,Inactivo
721,Cliente_721,cliente721@correo.cl,Inactivo
722,Cliente_722,cliente722@correo.cl,Inactivo
723,Cliente_723,cliente723@correo.cl,Activo
724,Cliente_724,cliente724@correo.cl,Activo
725,Cliente_725,cliente725@correo.cl,Activo
726,Cliente_726,cliente726@correo.cl,Activo
727,Cliente_727,cliente727@correo.cl,Inactivo
728,Cliente_728,cliente728@correo.cl,Activo
729,Cliente_729,cliente729@correo.cl,Activo
730,Cliente_730,cliente730@correo.cl,Inactivo
731,Cliente_731,cliente731@correo.cl,Inactivo
732,Cliente_732,cliente732@correo.cl,Inactivo
733,Cliente_733,cliente733@correo.cl,Activo
734,Cliente_734,cliente734@correo.cl,Inactivo
735,Cliente_735,cliente735@correo.cl,Inactivo
736,Cliente_736,cliente736@correo.cl,Activo
737,Cliente_737,cliente737@correo.cl,Inactivo
738,Cliente_738,cliente738@correo.cl,Inactivo
739,Cliente_739,cliente739@correo.cl,Inactivo
740,Cliente_740,cliente740@correo.cl,Inactivo
741,Cliente_741,cliente741@correo.cl,Inactivo
742,Cliente_742,cliente742@correo.cl,Activo
743,Cliente_743,cliente743@correo.cl,Activo
744,Cliente_744,cliente744@correo.cl,Inactivo
745,Cliente_745,cliente745@correo.cl,Inactivo
746,Cliente_746,cliente746@correo.cl,Inactivo
747,Cliente_747,cliente747@correo.cl,Inactivo
748,Cliente_748,cliente748@correo.cl,Inactivo
749,Cliente_749,cliente749@correo.cl,Activo
750,Cliente_750,cliente750@correo.cl,Inactivo
751,Cliente_751,cliente751@correo.cl,Activo
752,Cliente_752,cliente752@correo.cl,Inactivo
753,Cliente_753,cliente753@correo.cl,Inactivo
754,Cliente_754,cliente754@correo.cl,Inactivo
755,Cliente_755,cliente755@correo.cl,Activo
756,Cliente_756,cliente756@correo.cl,Inactivo
757,Cliente_757,cliente757@correo.cl,Activo
758,Cliente_758,cliente758@correo.cl,Inactivo
759,Cliente_759,cliente759@correo.cl,Inactivo
760,Cliente_760,cliente760@correo.cl,Activo
761,Cliente_761,cliente761@correo.cl,Activo
762,Cliente_762,cliente762@correo.cl,Inactivo
763,Cliente_763,cliente763@correo.cl,Inactivo
764,Cliente_764,cliente764@correo.cl,Inactivo
765,Cliente_765,cliente765@correo.cl,Activo
766,Cliente_766,cliente766@correo.cl,Activo
767,Cliente_767,cliente767@correo.cl,Inactivo
768,Cliente_768,cliente768@correo.cl,Activo
769,Cliente_769,cliente769@correo.cl,Inactivo
770,Cliente_770,cliente770@correo.cl,Inactivo
771,Cliente_771,cliente771@correo.cl,Inactivo
772,Cliente_772,cliente772@correo.cl,Activo
773,Cliente_773,cliente773@correo.cl,Activo
774,Cliente_774,cliente774@correo.cl,Activo
775,Cliente_775,cliente775@correo.cl,Activo
776,Cliente_776,cliente776@correo.cl,Inactivo
777,Cliente_777,cliente777@correo.cl,Activo
778,Cliente_778,cliente778@correo.cl,Inactivo
779,Cliente_779,cliente779@correo.cl,Activo
780,Cliente_780,cliente780@correo.cl,Activo
781,Cliente_781,cliente781@correo.cl,Activo
782,Cliente_782,cliente782@correo.cl,Inactivo
783,Cliente_783,cliente783@correo.cl,Activo
784,Cliente_784,cliente784@correo.cl,Activo
785,Cliente_785,cliente785@correo.cl,Inactivo
786,Cliente_786,cliente786@correo.cl,Inactivo
787,Cliente_787,cliente787@correo.cl,Inactivo
788,Cliente_788,cliente788@correo.cl,Inactivo
789,Cliente_789,cliente789@correo.cl,Inactivo
790,Cliente_790,cliente790@correo.cl,Inactivo
791,Cliente_791,cliente791@correo.cl,Activo
792,Cliente_792,cliente792@correo.cl,Inactivo
793,Cliente_793,cliente793@correo.cl,Activo
794,Cliente_794,cliente794@correo.cl,Inactivo
795,Cliente_795,cliente795@correo.cl,Activo
796,Cliente_796,cliente796@correo.cl,Activo
797,Cliente_797,cliente797@correo.cl,Activo
798,Cliente_798,cliente798@correo.cl,Inactivo
799,Cliente_799,cliente799@correo.cl,Inactivo
800,Cliente_800,cliente800@correo.cl,Inactivo
