id_venta,id_cliente,fecha_venta,monto
1,437,2023-03-29,104057
2,172,2023-03-02,39850
3,300,2023-02-08,43239
4,350,2023-02-12,91479
5,184,2023-03-02,109163
6,115,2023-03-15,132743
7,419,2023-01-26,112527
8,467,2023-03-14,220539
9,33,2023-01-01,115160
10,323,2023-03-02,141110
11,28,2023-02-08,108726
12,290,2023-03-06,88102
13,287,2023-03-01,119185
14,265,2023-02-13,172210
15,326,2023-01-07,65755
16,203,2023-02-09,10000
17,296,2023-03-21,72439
18,260,2023-01-04,161648
19,178,2023-03-17,69989
20,31,2023-03-02,137173
21,313,2023-03-07,197301
22,122,2023-01-16,154504
23,136,2023-01-10,17707
24,79,2023-01-01,136723
25,385,2023-03-21,87927
26,233,2023-03-20,108875
27,122,2023-03-16,58481
28,266,2023-03-07,130292
29,286,2023-03-17,161068
30,190,2023-02-16,95310
31,122,2023-02-03,49560
32,372,2023-02-14,59183
33,273,2023-01-20,206714
34,147,2023-01-19,109660
35,460,2023-02-15,83340
36,159,2023-03-24,158708
37,116,2023-03-29,81131
38,221,2023-01-09,99268
39,257,2023-02-04,62717
40,322,2023-02-07,136252
41,315,2023-02-10,120029
42,309,2023-02-21,190929
43,389,2023-01-16,112558
44,113,2023-02-06,89686
45,261,2023-03-31,60709
46,78,2023-03-16,142775
47,134,2023-02-13,78117
48,111,2023-03-31,112651
49,116,2023-03-12,85882
50,359,2023-02-13,194383
51,391,2023-02-11,65264
52,266,2023-02-14,37264
53,223,2023-02-20,118807
54,426,2023-02-22,101813
55,315,2023-01-15,95852
56,415,2023-03-22,156978
57,336,2023-03-30,150562
58,157,2023-01-29,144590
59,18,2023-01-18,209646
60,94,2023-02-03,85813
61,422,2023-03-08,172705
62,322,2023-03-21,89221
63,420,2023-01-08,141872
64,82,2023-03-15,10000
65,133,2023-03-18,87321
66,101,2023-01-02,146389
67,252,2023-01-09,166636
68,462,2023-01-04,114430
69,192,2023-03-11,63964
70,393,2023-01-10,169556
71,336,2023-01-04,201539
72,89,2023-02-01,24995
73,484,2023-02-15,123115
74,53,2023-03-21,143999
75,226,2023-01-21,138980
76,401,2023-01-09,44387
77,93,2023-02-04,134450
78,266,2023-01-04,124776
79,349,2023-03-14,105358
80,65,2023-02-28,162829
81,442,2023-03-06,166673
82,347,2023-01-16,98947
83,188,2023-01-13,199521
84,172,2023-03-16,66809
85,56,2023-01-12,225244
86,99,2023-02-18,65475
87,301,2023-01-08,194226
88,358,2023-03-24,65538
89,309,2023-02-06,150221
90,408,2023-03-31,167090
91,141,2023-02-09,88992
92,342,2023-01-10,160743
93,109,2023-01-20,74997
94,387,2023-03-25,95979
95,266,2023-03-01,131512
96,347,2023-01-16,129761
97,8,2023-01-10,146791
98,109,2023-01-28,154214
99,268,2023-01-27,261063
100,434,2023-03-30,165825
101,483,2023-01-30,127536
102,101,2023-02-17,120887
103,220,2023-02-18,120344
104,435,2023-03-08,136451
105,145,2023-03-26,90631
106,440,2023-02-07,207578
107,23,2023-03-07,135413
108,76,2023-02-07,75285
109,253,2023-03-25,81542
110,133,2023-01-16,163459
111,387,2023-03-04,138569
112,12,2023-03-09,88581
113,395,2023-01-04,73876
114,13,2023-01-31,74830
115,356,2023-03-18,140307
116,337,2023-03-24,103054
117,190,2023-01-31,37217
118,126,2023-01-06,142488
119,253,2023-01-04,10000
120,488,2023-02-14,82832
121,49,2023-02-27,195951
122,373,2023-03-03,157494
123,9,2023-03-19,10000
124,361,2023-03-26,81970
125,486,2023-03-13,72224
126,78,2023-03-31,166197
127,428,2023-02-25,135757
128,21,2023-03-05,187045
129,383,2023-03-25,153949
130,178,2023-01-02,149712
131,381,2023-01-12,64054
132,63,2023-01-07,92665
133,324,2023-02-27,92947
134,408,2023-03-11,46656
135,190,2023-03-21,186192
136,150,2023-03-31,137222
137,233,2023-03-02,23291
138,169,2023-01-21,165283
139,264,2023-02-11,72943
140,331,2023-02-12,155362
141,48,2023-03-19,86458
142,476,2023-01-22,61477
143,120,2023-01-17,58039
144,8,2023-03-01,35032
145,2,2023-01-25,79074
146,169,2023-01-09,27478
147,12,2023-02-20,139857
148,42,2023-01-09,72688
149,311,2023-02-27,102378
150,445,2023-02-11,133726
151,248,2023-03-07,50697
152,13,2023-01-17,31241
153,78,2023-03-08,204193
154,449,2023-01-14,23289
155,102,2023-01-26,71053
156,328,2023-02-04,139319
157,397,2023-01-15,137311
158,378,2023-03-24,97518
159,399,2023-03-10,52209
160,370,2023-03-26,179602
161,399,2023-01-30,148917
162,61,2023-01-10,114813
163,133,2023-03-17,111947
164,352,2023-03-15,164727
165,61,2023-03-27,184537
166,35,2023-02-07,125406
167,306,2023-01-27,122717
168,215,2023-02-01,155546
169,264,2023-01-22,10000
170,141,2023-01-24,204682
171,454,2023-02-04,57685
172,392,2023-03-29,110365
173,223,2023-02-22,149715
174,164,2023-02-24,111684
175,431,2023-03-22,183630
176,497,2023-03-14,223800
177,204,2023-03-27,122624
178,150,2023-01-12,157034
179,174,2023-02-28,150330
180,218,2023-02-19,180953
181,241,2023-02-21,120042
182,171,2023-01-26,112692
183,495,2023-03-07,106901
184,138,2023-01-04,125442
185,222,2023-01-29,170894
186,137,2023-02-25,62772
187,475,2023-02-28,159094
188,326,2023-01-08,111300
189,255,2023-02-14,102923
190,299,2023-01-13,26022
191,176,2023-03-22,70302
192,297,2023-01-17,171092
193,459,2023-02-19,88115
194,407,2023-03-01,195350
195,18,2023-03-19,69109
196,327,2023-03-27,47694
197,393,2023-01-29,130789
198,324,2023-01-11,63620
199,490,2023-03-01,141957
200,422,2023-02-09,169923
201,28,2023-01-22,141887
202,305,2023-02-21,118639
203,16,2023-01-04,68236
204,154,2023-02-26,144320
205,387,2023-03-26,143690
206,341,2023-03-06,105030
207,246,2023-03-09,110484
208,425,2023-02-18,88464
209,447,2023-01-21,129836
210,390,2023-03-01,122081
211,261,2023-03-14,108757
212,132,2023-03-01,141622
213,491,2023-03-14,150401
214,170,2023-02-24,137914
215,454,2023-01-02,122840
216,499,2023-03-06,108170
217,74,2023-02-11,163862
218,177,2023-02-10,122860
219,211,2023-03-22,176568
220,8,2023-03-22,149518
221,491,2023-02-12,207707
222,423,2023-01-19,120537
223,361,2023-01-27,118652
224,447,2023-03-14,145287
225,70,2023-01-06,141138
226,212,2023-03-24,121955
227,211,2023-03-17,128213
228,149,2023-03-15,157286
229,148,2023-02-24,125335
230,381,2023-03-23,54969
231,98,2023-02-20,79067
232,356,2023-01-08,199998
233,241,2023-03-25,89844
234,245,2023-02-02,115155
235,175,2023-02-13,107177
236,252,2023-01-17,106780
237,102,2023-02-27,121089
238,180,2023-03-21,175937
239,160,2023-02-13,124335
240,126,2023-03-13,100263
241,499,2023-03-04,126083
242,401,2023-02-01,150529
243,484,2023-02-26,40403
244,59,2023-01-30,204697
245,470,2023-03-04,57979
246,446,2023-03-17,136130
247,298,2023-03-05,193730
248,476,2023-02-24,167465
249,211,2023-02-06,181934
250,147,2023-03-30,156069
251,430,2023-02-17,105813
252,455,2023-02-03,230496
253,200,2023-02-20,306812
254,34,2023-01-27,162609
255,160,2023-03-22,144791
256,182,2023-01-21,139036
257,376,2023-01-17,138033
258,255,2023-01-03,130433
259,169,2023-02-18,186172
260,395,2023-03-25,100886
261,355,2023-03-24,208875
262,441,2023-03-21,88662
263,244,2023-01-02,59035
264,71,2023-01-28,105468
265,10,2023-01-15,132638
266,223,2023-02-16,108998
267,100,2023-03-16,136485
268,73,2023-01-08,103722
269,195,2023-02-04,93091
270,339,2023-03-03,106912
271,356,2023-01-05,69179
272,87,2023-03-08,87141
273,182,2023-02-27,101979
274,218,2023-02-27,27624
275,85,2023-01-21,202196
276,304,2023-01-26,18013
277,356,2023-01-12,107315
278,406,2023-01-13,142362
279,289,2023-02-26,124511
280,181,2023-03-04,176861
281,109,2023-03-05,136126
282,74,2023-02-21,97370
283,213,2023-03-13,138710
284,216,2023-02-12,168980
285,484,2023-03-01,198505
286,242,2023-03-28,116546
287,199,2023-02-24,165175
288,256,2023-03-05,128644
289,154,2023-01-18,61813
290,207,2023-03-06,18083
291,439,2023-02-20,82913
292,492,2023-01-26,65238
293,405,2023-02-17,10000
294,45,2023-02-14,125973
295,311,2023-01-28,155831
296,301,2023-01-16,143653
297,234,2023-01-29,49598
298,445,2023-02-10,75768
299,372,2023-01-20,42845
300,173,2023-01-04,103262
301,1,2023-01-20,99950
302,127,2023-02-27,108676
303,446,2023-02-10,95117
304,433,2023-01-01,179136
305,427,2023-01-28,125785
306,18,2023-03-19,118834
307,166,2023-01-20,124707
308,403,2023-02-19,209171
309,47,2023-01-22,116882
310,56,2023-03-20,162306
311,453,2023-02-12,86267
312,148,2023-02-18,179850
313,275,2023-02-26,136777
314,46,2023-03-09,45285
315,492,2023-01-27,187565
316,76,2023-02-21,65173
317,267,2023-01-29,78752
318,159,2023-01-04,160813
319,326,2023-02-22,169437
320,262,2023-02-04,136337
321,260,2023-02-13,130923
322,192,2023-01-14,119920
323,59,2023-03-23,131099
324,194,2023-02-19,110783
325,329,2023-01-09,93867
326,21,2023-03-04,195957
327,463,2023-01-21,124676
328,284,2023-01-29,203093
329,56,2023-01-19,216787
330,166,2023-02-11,177326
331,275,2023-03-01,161690
332,324,2023-03-21,81260
333,425,2023-02-21,93971
334,431,2023-02-24,91498
335,434,2023-03-26,100033
336,333,2023-01-02,165817
337,382,2023-03-09,67239
338,184,2023-02-21,164372
339,62,2023-03-25,188280
340,470,2023-01-08,158586
341,403,2023-01-11,181052
342,65,2023-02-10,10000
343,58,2023-01-15,132626
344,444,2023-02-18,152264
345,390,2023-03-03,141581
346,467,2023-02-03,142311
347,288,2023-02-16,126649
348,415,2023-01-19,118233
349,269,2023-01-05,127475
350,326,2023-03-05,182497
351,257,2023-03-23,77371
352,250,2023-02-05,113538
353,439,2023-02-03,173338
354,319,2023-02-26,119618
355,284,2023-02-23,127012
356,86,2023-01-16,73257
357,431,2023-03-27,86245
358,209,2023-02-20,141343
359,105,2023-01-07,14320
360,328,2023-01-07,78550
361,341,2023-02-12,141095
362,313,2023-03-06,137423
363,465,2023-02-01,139156
364,98,2023-01-07,156826
365,79,2023-01-13,40086
366,141,2023-01-24,39833
367,496,2023-01-16,108494
368,354,2023-03-31,59871
369,250,2023-01-31,34129
370,358,2023-02-12,114558
371,130,2023-02-24,144035
372,462,2023-01-10,153078
373,391,2023-02-11,125752
374,139,2023-03-20,102202
375,274,2023-03-02,207177
376,5,2023-02-15,105173
377,56,2023-02-08,100703
378,42,2023-01-16,101381
379,232,2023-03-23,118595
380,309,2023-01-04,115884
381,470,2023-01-12,139551
382,147,2023-03-29,90408
383,72,2023-01-06,147841
384,136,2023-03-10,169249
385,480,2023-01-01,160665
386,268,2023-02-11,130889
387,33,2023-01-06,113414
388,286,2023-01-09,216878
389,40,2023-02-18,136942
390,116,2023-03-28,213848
391,398,2023-01-09,232866
392,38,2023-02-16,41268
393,61,2023-03-19,185728
394,259,2023-01-31,144942
395,294,2023-02-11,89605
396,112,2023-03-10,169477
397,133,2023-02-21,171102
398,422,2023-02-27,153208
399,20,2023-01-12,177506
400,184,2023-03-26,133103
401,382,2023-01-04,135660
402,462,2023-01-27,220411
403,448,2023-01-25,157430
404,36,2023-02-18,89323
405,26,2023-02-16,23581
406,166,2023-03-15,100414
407,243,2023-01-16,59951
408,374,2023-01-06,86120
409,263,2023-03-22,155368
410,327,2023-02-02,108051
411,332,2023-03-18,102597
412,30,2023-02-28,116455
413,324,2023-01-16,222621
414,274,2023-03-29,210438
415,266,2023-01-22,141419
416,136,2023-01-22,109070
417,240,2023-01-01,150198
418,483,2023-03-31,67831
419,75,2023-01-13,60553
420,447,2023-01-30,120882
421,91,2023-01-26,92287
422,53,2023-03-01,102836
423,48,2023-01-24,124581
424,447,2023-01-12,122370
425,457,2023-02-19,152196
426,413,2023-01-31,78525
427,367,2023-03-10,123596
428,334,2023-01-05,134345
429,42,2023-01-27,162511
430,68,2023-02-16,123793
431,404,2023-02-17,67202
432,282,2023-01-29,10000
433,182,2023-03-20,99315
434,266,2023-03-14,38345
435,243,2023-03-10,102893
436,170,2023-03-27,113983
437,77,2023-02-07,62666
438,10,2023-02-12,125107
439,171,2023-03-02,137586
440,197,2023-03-01,57731
441,99,2023-03-01,98072
442,12,2023-02-22,90665
443,401,2023-03-12,10000
444,352,2023-01-19,67639
445,136,2023-01-01,124358
446,125,2023-02-14,108877
447,102,2023-03-16,146490
448,248,2023-02-25,52377
449,325,2023-03-13,89307
450,5,2023-01-27,66957
451,330,2023-03-05,85856
452,332,2023-03-09,82562
453,334,2023-01-20,120286
454,64,2023-01-06,132926
455,236,2023-02-16,133678
456,99,2023-03-17,87697
457,91,2023-01-19,130727
458,414,2023-03-15,78829
459,354,2023-03-09,118899
460,356,2023-01-17,182086
461,313,2023-01-24,189331
462,288,2023-01-01,136084
463,142,2023-01-18,58324
464,198,2023-03-16,137266
465,75,2023-02-13,208317
466,297,2023-02-02,160812
467,4,2023-02-11,144811
468,101,2023-03-10,128244
469,89,2023-02-15,109317
470,31,2023-02-13,59151
471,167,2023-02-13,103456
472,379,2023-03-22,71993
473,482,2023-03-22,145562
474,418,2023-01-23,162654
475,234,2023-03-16,107001
476,399,2023-01-18,80415
477,123,2023-03-25,78459
478,409,2023-01-02,110525
479,329,2023-02-15,154034
480,163,2023-01-16,128069
481,145,2023-01-19,10000
482,63,2023-02-04,91672
483,323,2023-01-19,211918
484,182,2023-03-19,123845
485,141,2023-02-14,127810
486,108,2023-02-25,131695
487,39,2023-01-26,77281
488,235,2023-02-23,18926
489,333,2023-03-10,157250
490,415,2023-01-26,12431
491,70,2023-03-15,139805
492,193,2023-03-21,108452
493,171,2023-03-25,113607
494,50,2023-03-06,38745
495,111,2023-01-05,124789
496,206,2023-02-20,60786
497,228,2023-03-28,58520
498,109,2023-01-09,68777
499,183,2023-03-26,99020
500,389,2023-03-22,77671
501,36,2023-02-14,112571
502,463,2023-02-04,168247
503,127,2023-02-12,140820
504,319,2023-02-02,80248
505,405,2023-01-26,162888
506,148,2023-01-08,88859
507,255,2023-02-17,78943
508,4,2023-03-17,194042
509,262,2023-02-16,124946
510,198,2023-03-14,65542
511,35,2023-03-24,162195
512,241,2023-03-13,138674
513,383,2023-01-28,159848
514,39,2023-03-16,145908
515,467,2023-01-28,56358
516,367,2023-01-02,95559
517,394,2023-02-19,183120
518,122,2023-02-07,84098
519,399,2023-02-21,93967
520,145,2023-03-26,85844
521,282,2023-03-08,78897
522,223,2023-03-06,139339
523,358,2023-01-14,130908
524,191,2023-02-05,120883
525,174,2023-03-07,117942
526,326,2023-01-22,86912
527,230,2023-02-25,150945
528,86,2023-02-16,180261
529,191,2023-02-25,156499
530,225,2023-02-19,79605
531,336,2023-02-12,139637
532,304,2023-02-18,126068
533,451,2023-03-14,104031
534,381,2023-01-18,58489
535,190,2023-02-17,92766
536,93,2023-03-25,123267
537,98,2023-02-16,96503
538,147,2023-03-07,74857
539,236,2023-02-19,111613
540,79,2023-02-28,104167
541,143,2023-02-12,73476
542,209,2023-03-05,146549
543,60,2023-01-27,150846
544,174,2023-03-22,138977
545,275,2023-03-06,55649
546,138,2023-01-27,181689
547,44,2023-02-26,168711
548,226,2023-01-18,48518
549,500,2023-03-06,109003
550,195,2023-01-10,179128
551,284,2023-01-21,174904
552,296,2023-01-27,10000
553,134,2023-01-25,90981
554,372,2023-03-20,79809
555,304,2023-03-25,99947
556,372,2023-02-24,122660
557,451,2023-01-14,184611
558,122,2023-03-01,133669
559,146,2023-02-19,135293
560,339,2023-01-13,76190
561,274,2023-02-19,157354
562,38,2023-03-20,133496
563,163,2023-03-05,110276
564,199,2023-01-03,146097
565,273,2023-01-29,102319
566,45,2023-01-26,49647
567,226,2023-03-01,64658
568,418,2023-02-20,189309
569,427,2023-01-31,134469
570,416,2023-01-24,132740
571,492,2023-01-02,251581
572,359,2023-03-26,80651
573,166,2023-02-05,108688
574,376,2023-01-26,98118
575,373,2023-03-14,74240
576,111,2023-03-03,133160
577,488,2023-01-29,111987
578,34,2023-02-28,139682
579,99,2023-01-05,10000
580,100,2023-02-13,150170
581,417,2023-03-07,158201
582,112,2023-01-13,171588
583,109,2023-01-07,103962
584,368,2023-02-12,134861
585,319,2023-03-03,76864
586,307,2023-01-02,21472
587,247,2023-02-14,217207
588,138,2023-03-02,134204
589,421,2023-01-30,125632
590,462,2023-02-17,165828
591,341,2023-02-03,58582
592,453,2023-01-13,80906
593,164,2023-03-25,201941
594,94,2023-01-20,147471
595,342,2023-01-03,227830
596,475,2023-03-27,138189
597,79,2023-01-21,211335
598,82,2023-03-29,122949
599,427,2023-01-10,134486
600,428,2023-02-10,106614
601,216,2023-03-08,150333
602,44,2023-01-05,118332
603,452,2023-01-29,69880
604,133,2023-02-02,79145
605,461,2023-03-16,157495
606,355,2023-02-27,72389
607,248,2023-01-15,106332
608,91,2023-02-08,68652
609,233,2023-03-19,140122
610,392,2023-03-26,106617
611,59,2023-03-23,187187
612,189,2023-03-20,131881
613,381,2023-03-08,161526
614,39,2023-03-10,71367
615,63,2023-02-26,154498
616,267,2023-01-04,10000
617,130,2023-01-30,167541
618,428,2023-03-26,123795
619,293,2023-02-03,170740
620,217,2023-03-13,33523
621,122,2023-02-27,113756
622,327,2023-01-07,32532
623,27,2023-02-01,102941
624,190,2023-02-01,90821
625,272,2023-01-21,68941
626,309,2023-02-20,37688
627,338,2023-01-23,150434
628,459,2023-01-10,156937
629,470,2023-01-16,110476
630,310,2023-03-07,165819
631,222,2023-03-17,126568
632,187,2023-02-22,110867
633,138,2023-02-12,98692
634,52,2023-03-15,180313
635,172,2023-03-15,92178
636,315,2023-01-13,133221
637,217,2023-02-13,117480
638,41,2023-03-31,83421
639,153,2023-03-18,145806
640,319,2023-02-04,55961
641,239,2023-03-09,136123
642,29,2023-02-25,10000
643,392,2023-01-11,60074
644,277,2023-01-20,91439
645,337,2023-02-15,127865
646,152,2023-01-06,166127
647,207,2023-01-09,80493
648,112,2023-01-09,121613
649,28,2023-03-17,89858
650,141,2023-02-14,131659
651,182,2023-03-28,174946
652,206,2023-03-02,217260
653,50,2023-02-23,163033
654,405,2023-02-26,161608
655,114,2023-02-27,62238
656,164,2023-01-02,136343
657,362,2023-03-25,87644
658,48,2023-01-15,108924
659,377,2023-03-28,177897
660,146,2023-02-27,115531
661,94,2023-03-09,97299
662,439,2023-02-15,67940
663,152,2023-03-30,114863
664,320,2023-01-16,114235
665,150,2023-03-12,192805
666,444,2023-03-31,87348
667,210,2023-01-30,162922
668,242,2023-03-09,201770
669,59,2023-01-23,101899
670,434,2023-03-04,23225
671,329,2023-02-12,101925
672,182,2023-03-06,201434
673,104,2023-02-06,116690
674,172,2023-03-20,134706
675,493,2023-02-22,187226
676,124,2023-02-13,129710
677,162,2023-03-05,10000
678,120,2023-03-30,199209
679,296,2023-01-05,66461
680,444,2023-03-29,155294
681,412,2023-03-04,152939
682,220,2023-02-15,141873
683,500,2023-03-22,46973
684,40,2023-02-03,170900
685,486,2023-02-15,107411
686,70,2023-02-11,10000
687,255,2023-02-11,84056
688,176,2023-02-04,79253
689,41,2023-02-14,142009
690,28,2023-01-07,43862
691,236,2023-03-07,31802
692,406,2023-02-14,138061
693,18,2023-03-09,194104
694,419,2023-03-04,143154
695,452,2023-02-10,90046
696,11,2023-03-23,104177
697,33,2023-03-17,114551
698,470,2023-02-24,125239
699,79,2023-01-26,170608
700,265,2023-02-07,81556
701,130,2023-02-06,190241
702,481,2023-01-12,212385
703,108,2023-02-02,134342
704,251,2023-01-28,239200
705,316,2023-01-20,143128
706,449,2023-03-05,140230
707,440,2023-02-10,228410
708,182,2023-03-23,89938
709,164,2023-01-02,226589
710,336,2023-02-23,83934
711,218,2023-02-08,139675
712,477,2023-03-07,174794
713,44,2023-01-17,117518
714,453,2023-03-25,125128
715,237,2023-01-04,72502
716,47,2023-02-02,136488
717,361,2023-03-27,179299
718,32,2023-03-28,137915
719,336,2023-03-31,190512
720,452,2023-02-28,126408
721,407,2023-03-06,165699
722,117,2023-02-01,125992
723,498,2023-01-03,217765
724,335,2023-01-05,105151
725,210,2023-01-19,141969
726,122,2023-01-06,178532
727,182,2023-02-11,53513
728,465,2023-01-04,200495
729,242,2023-03-31,159722
730,449,2023-01-27,145033
731,37,2023-02-12,152901
732,481,2023-02-28,166259
733,355,2023-02-04,113829
734,188,2023-03-20,147767
735,358,2023-02-05,74611
736,468,2023-01-18,111596
737,421,2023-01-13,154575
738,114,2023-03-04,109667
739,104,2023-01-19,180915
740,312,2023-03-07,85667
741,472,2023-01-03,89972
742,437,2023-02-02,121989
743,151,2023-03-07,88718
744,496,2023-01-24,204030
745,185,2023-03-20,191436
746,104,2023-01-03,18130
747,228,2023-03-28,156099
748,128,2023-01-30,116418
749,133,2023-02-20,125378
750,276,2023-02-26,89262
751,147,2023-03-25,150826
752,7,2023-02-15,131132
753,443,2023-01-16,165361
754,346,2023-02-18,82643
755,121,2023-01-09,58319
756,157,2023-03-02,101418
757,54,2023-01-02,51696
758,288,2023-03-02,88540
759,435,2023-02-25,186967
760,377,2023-03-27,115807
761,414,2023-02-28,131384
762,425,2023-01-08,201092
763,355,2023-01-01,212001
764,301,2023-03-27,111740
765,199,2023-03-17,105450
766,115,2023-02-12,119133
767,364,2023-01-31,80241
768,444,2023-03-19,157581
769,426,2023-01-27,120323
770,227,2023-02-09,114618
771,139,2023-02-20,117454
772,187,2023-03-26,87973
773,414,2023-01-03,146608
774,177,2023-03-16,40205
775,431,2023-01-21,81985
776,193,2023-02-07,15948
777,238,2023-02-13,41725
778,75,2023-03-04,53237
779,368,2023-02-22,101529
780,92,2023-03-22,90763
781,62,2023-02-21,185935
782,226,2023-02-03,124994
783,349,2023-02-01,101628
784,460,2023-03-10,96554
785,493,2023-03-09,63893
786,233,2023-02-26,124598
787,164,2023-03-02,164424
788,119,2023-01-02,191511
789,213,2023-01-06,208780
790,180,2023-03-05,98908
791,13,2023-01-17,68969
792,487,2023-03-01,148651
793,160,2023-02-17,127662
794,308,2023-03-07,141910
795,234,2023-01-15,183526
796,414,2023-03-29,162677
797,490,2023-03-27,145143
798,155,2023-01-07,124001
799,146,2023-02-01,56756
800,143,2023-03-04,137059
801,238,2023-01-31,97629
802,335,2023-02-08,125030
803,436,2023-02-15,97464
804,291,2023-03-28,170129
805,158,2023-02-06,60196
806,128,2023-02-04,120430
807,169,2023-02-10,120375
808,94,2023-01-12,170282
809,83,2023-01-18,169824
810,129,2023-01-12,157060
811,392,2023-03-28,72266
812,136,2023-03-30,47210
813,349,2023-01-19,142008
814,63,2023-03-01,110164
815,183,2023-02-27,161870
816,417,2023-03-18,136672
817,92,2023-01-19,105578
818,287,2023-01-23,109296
819,412,2023-02-21,138508
820,292,2023-02-08,93246
821,455,2023-02-07,138865
822,242,2023-02-04,64219
823,302,2023-01-23,83435
824,19,2023-02-12,157480
825,10,2023-02-02,106657
826,222,2023-02-25,127016
827,207,2023-03-08,77081
828,291,2023-03-21,65379
829,34,2023-02-05,114919
830,19,2023-01-20,89953
831,179,2023-03-03,143435
832,290,2023-01-11,91283
833,228,2023-02-28,112296
834,42,2023-02-15,156653
835,199,2023-02-27,69865
836,330,2023-01-28,151534
837,415,2023-02-18,122095
838,351,2023-03-27,98301
839,234,2023-02-07,139175
840,239,2023-02-05,202008
841,61,2023-01-15,111933
842,297,2023-02-21,111870
843,280,2023-01-28,121793
844,490,2023-03-28,66702
845,234,2023-03-04,66618
846,212,2023-01-30,95693
847,419,2023-03-24,135645
848,261,2023-03-28,191124
849,235,2023-03-19,95111
850,493,2023-03-20,85139
851,80,2023-03-14,133588
852,166,2023-03-09,97948
853,234,2023-01-09,161030
854,239,2023-03-22,140944
855,139,2023-03-18,114784
856,423,2023-02-23,132100
857,231,2023-03-24,111572
858,440,2023-02-28,58454
859,361,2023-02-04,76297
860,402,2023-01-07,112684
861,196,2023-02-20,151232
862,244,2023-03-22,139869
863,407,2023-01-04,212963
864,143,2023-03-17,184408
865,258,2023-03-03,164226
866,274,2023-02-02,139028
867,482,2023-02-16,120560
868,41,2023-01-27,71831
869,113,2023-02-20,12589
870,270,2023-03-16,37010
871,72,2023-01-13,163438
872,141,2023-02-12,172119
873,473,2023-01-12,72145
874,113,2023-01-25,79491
875,279,2023-02-08,187252
876,125,2023-03-27,92330
877,126,2023-03-01,170678
878,83,2023-03-16,90074
879,155,2023-01-01,10000
880,173,2023-01-20,135425
881,105,2023-03-25,35219
882,50,2023-03-01,134199
883,374,2023-02-02,96595
884,414,2023-01-30,124779
885,293,2023-02-03,72299
886,276,2023-03-13,104718
887,214,2023-02-26,118604
888,167,2023-02-17,34850
889,97,2023-02-28,125291
890,12,2023-01-06,101734
891,273,2023-01-02,188549
892,201,2023-02-03,154115
893,193,2023-03-31,137091
894,480,2023-02-08,131216
895,273,2023-01-04,120543
896,148,2023-01-15,172127
897,235,2023-03-20,80647
898,315,2023-02-18,122247
899,36,2023-03-22,114383
900,442,2023-02-12,39830
901,417,2023-01-28,138543
902,345,2023-01-20,129151
903,297,2023-02-23,59429
904,94,2023-01-21,131954
905,352,2023-02-14,61952
906,281,2023-03-15,114255
907,62,2023-02-02,88135
908,475,2023-03-28,183847
909,462,2023-01-22,102821
910,63,2023-03-15,83145
911,470,2023-01-08,132084
912,13,2023-01-06,117073
913,210,2023-02-08,124704
914,117,2023-03-08,161482
915,426,2023-01-17,135129
916,432,2023-01-19,134392
917,402,2023-01-10,165484
918,319,2023-01-09,168098
919,167,2023-01-06,10000
920,58,2023-02-20,99150
921,355,2023-03-13,105019
922,96,2023-03-06,105542
923,100,2023-03-04,172054
924,134,2023-01-05,165781
925,471,2023-01-13,132036
926,416,2023-03-29,91318
927,497,2023-01-06,133032
928,418,2023-03-17,60932
929,266,2023-01-04,134955
930,247,2023-03-20,34961
931,415,2023-03-16,211579
932,19,2023-03-10,59124
933,166,2023-02-01,133495
934,145,2023-01-24,73077
935,8,2023-01-14,142787
936,276,2023-03-22,51762
937,357,2023-03-21,140991
938,376,2023-03-21,133550
939,436,2023-01-24,170935
940,63,2023-03-02,176710
941,500,2023-01-06,26395
942,82,2023-03-02,166080
943,498,2023-01-06,173556
944,310,2023-02-11,72678
945,208,2023-03-06,60189
946,229,2023-02-04,168189
947,271,2023-01-01,80963
948,342,2023-03-19,50975
949,369,2023-03-21,29886
950,417,2023-03-21,89812
951,491,2023-01-17,103496
952,408,2023-01-04,199982
953,98,2023-01-27,139997
954,190,2023-02-19,192417
955,266,2023-03-04,114398
956,450,2023-01-17,93539
957,224,2023-01-12,141016
958,402,2023-01-28,142228
959,476,2023-03-30,94461
960,95,2023-03-15,119283
961,480,2023-01-30,127686
962,32,2023-03-08,163106
963,489,2023-03-04,129037
964,74,2023-03-25,139749
965,264,2023-03-27,84404
966,297,2023-02-20,77224
967,129,2023-02-04,156684
968,51,2023-02-11,106265
969,482,2023-03-29,151860
970,56,2023-02-23,47107
971,382,2023-03-08,194002
972,73,2023-01-20,173288
973,330,2023-01-31,80162
974,242,2023-01-12,169930
975,447,2023-03-20,78775
976,248,2023-02-13,199359
977,73,2023-01-22,122641
978,193,2023-02-22,226487
979,43,2023-03-01,87285
980,12,2023-01-11,176313
981,66,2023-02-16,114986
982,109,2023-03-16,174947
983,369,2023-01-13,148384
984,382,2023-01-27,64601
985,438,2023-03-19,159000
986,341,2023-03-05,197027
987,411,2023-02-06,132307
988,341,2023-01-18,145616
989,282,2023-02-02,111154
990,474,2023-02-18,151687
991,132,2023-02-20,102515
992,52,2023-02-19,70337
993,206,2023-01-13,145694
994,323,2023-03-24,92729
995,120,2023-01-09,112681
996,421,2023-03-28,174484
997,345,2023-03-11,142926
998,399,2023-02-05,103929
999,397,2023-02-05,48377
1000,391,2023-01-24,77964
1001,107,2023-01-30,107644
1002,42,2023-03-02,75916
1003,178,2023-01-03,125770
1004,463,2023-02-06,28142
1005,235,2023-03-30,164338
1006,381,2023-02-10,98703
1007,367,2023-02-13,128890
1008,267,2023-02-12,113545
1009,115,2023-03-06,156464
1010,448,2023-03-16,84074
1011,403,2023-03-13,150824
1012,95,2023-03-06,62427
1013,344,2023-03-06,204503
1014,275,2023-03-02,118106
1015,265,2023-03-21,163754
1016,174,2023-03-26,150398
1017,462,2023-03-30,62046
1018,208,2023-01-05,177446
1019,140,2023-03-31,99304
1020,357,2023-01-31,81396
1021,44,2023-03-10,106414
1022,364,2023-01-09,170386
1023,218,2023-01-05,47607
1024,390,2023-01-13,184061
1025,127,2023-01-12,226834
1026,344,2023-01-09,91066
1027,4,2023-01-02,143848
1028,242,2023-03-04,136967
1029,260,2023-02-09,47403
1030,3,2023-02-01,117574
1031,368,2023-03-29,74480
1032,355,2023-02-16,91249
1033,59,2023-03-10,31431
1034,499,2023-02-13,84970
1035,143,2023-01-12,120375
1036,489,2023-01-05,154655
1037,318,2023-03-11,97967
1038,33,2023-02-11,51523
1039,416,2023-01-17,163594
1040,62,2023-02-14,78060
1041,269,2023-02-09,96542
1042,182,2023-02-23,179171
1043,253,2023-02-26,162108
1044,219,2023-01-14,128414
1045,465,2023-01-26,93294
1046,202,2023-03-18,104716
1047,296,2023-02-10,140810
1048,253,2023-03-31,74032
1049,131,2023-02-19,147257
1050,49,2023-03-04,133123
1051,426,2023-03-14,125921
1052,482,2023-03-21,105150
1053,216,2023-03-15,191260
1054,251,2023-03-26,125656
1055,471,2023-03-11,70446
1056,103,2023-01-28,80790
1057,495,2023-02-14,108416
1058,332,2023-01-12,146274
1059,274,2023-02-17,87324
1060,67,2023-02-01,132473
1061,327,2023-03-28,87013
1062,237,2023-02-28,37703
1063,208,2023-03-27,105308
1064,217,2023-03-10,137379
1065,300,2023-01-29,164083
1066,304,2023-03-18,69236
1067,237,2023-03-23,27042
1068,442,2023-01-01,161430
1069,45,2023-01-07,59396
1070,177,2023-02-21,112609
1071,91,2023-03-20,152498
1072,103,2023-03-19,113493
1073,321,2023-01-19,157204
1074,373,2023-02-20,69285
1075,212,2023-03-28,109540
1076,474,2023-01-16,150024
1077,198,2023-02-17,109146
1078,338,2023-03-20,54420
1079,8,2023-03-03,158368
1080,296,2023-02-06,98537
1081,496,2023-03-02,148201
1082,440,2023-01-24,146207
1083,201,2023-01-09,94642
1084,471,2023-01-04,161837
1085,80,2023-01-31,137168
1086,270,2023-02-21,208281
1087,370,2023-01-14,17978
1088,220,2023-02-05,87295
1089,177,2023-02-15,171150
1090,68,2023-01-31,88459
1091,395,2023-01-29,195783
1092,338,2023-01-23,58575
1093,320,2023-03-24,101844
1094,153,2023-01-05,114888
1095,193,2023-01-06,114178
1096,28,2023-02-17,114948
1097,136,2023-01-01,59354
1098,29,2023-03-15,38151
1099,330,2023-02-08,121473
1100,58,2023-01-19,164856
1101,83,2023-02-28,140177
1102,285,2023-02-05,111834
1103,286,2023-03-15,116261
1104,474,2023-02-16,115741
1105,439,2023-03-19,29403
1106,350,2023-01-10,118601
1107,293,2023-03-10,61013
1108,231,2023-03-14,128987
1109,343,2023-02-21,43455
1110,145,2023-01-08,126013
1111,200,2023-02-13,51107
1112,54,2023-01-25,92869
1113,207,2023-02-12,94191
1114,153,2023-02-12,72744
1115,472,2023-01-06,148677
1116,316,2023-03-07,120299
1117,464,2023-02-18,142055
1118,254,2023-03-30,167089
1119,369,2023-02-12,171777
1120,105,2023-02-24,155630
1121,142,2023-01-02,129143
1122,49,2023-02-07,86897
1123,204,2023-01-19,201315
1124,375,2023-02-05,72512
1125,312,2023-03-14,84549
1126,23,2023-03-12,148546
1127,12,2023-02-21,184876
1128,15,2023-03-12,94112
1129,87,2023-03-13,158757
1130,367,2023-02-19,104365
1131,82,2023-03-20,150094
1132,485,2023-02-23,187820
1133,285,2023-01-17,174114
1134,120,2023-03-19,132747
1135,329,2023-01-12,142696
1136,172,2023-02-14,175363
1137,301,2023-01-12,119079
1138,87,2023-01-31,89494
1139,11,2023-03-10,81109
1140,122,2023-01-30,27532
1141,59,2023-03-08,174018
1142,207,2023-02-10,52935
1143,86,2023-03-17,175525
1144,460,2023-03-16,73052
1145,140,2023-01-11,10000
1146,150,2023-03-29,84142
1147,481,2023-03-12,104310
1148,484,2023-02-21,143703
1149,393,2023-03-19,135506
1150,148,2023-03-29,102125
1151,337,2023-03-02,61634
1152,47,2023-03-07,118734
1153,325,2023-03-14,77334
1154,435,2023-03-27,72536
1155,76,2023-01-14,121826
1156,62,2023-02-15,154215
1157,229,2023-03-04,231575
1158,294,2023-03-15,88049
1159,15,2023-01-17,75134
1160,141,2023-02-25,60241
1161,193,2023-02-24,61445
1162,191,2023-02-13,106220
1163,62,2023-02-11,147365
1164,185,2023-02-21,113680
1165,71,2023-01-14,194620
1166,165,2023-01-16,190823
1167,268,2023-01-11,78680
1168,265,2023-03-13,78293
1169,378,2023-03-13,98572
1170,61,2023-03-04,136781
1171,365,2023-01-17,93926
1172,102,2023-03-10,76131
1173,467,2023-02-13,129468
1174,121,2023-03-14,195638
1175,167,2023-03-30,162053
1176,216,2023-03-05,96369
1177,194,2023-01-09,118024
1178,184,2023-03-17,140378
1179,496,2023-01-23,49170
1180,164,2023-01-24,99962
1181,123,2023-02-20,166648
1182,312,2023-01-16,175155
1183,496,2023-01-24,104229
1184,452,2023-02-23,112132
1185,323,2023-03-25,121283
1186,422,2023-03-04,61502
1187,333,2023-02-18,258776
1188,318,2023-03-29,135636
1189,44,2023-03-28,140540
1190,220,2023-02-20,242299
1191,37,2023-02-25,141223
1192,42,2023-01-18,195701
1193,64,2023-02-11,142434
1194,73,2023-03-13,50937
1195,235,2023-03-18,98866
1196,303,2023-01-12,217282
1197,209,2023-02-21,126757
1198,146,2023-01-01,151715
1199,150,2023-02-06,62439
1200,467,2023-02-03,120733
1201,427,2023-01-20,116044
1202,235,2023-01-07,181935
1203,289,2023-02-28,154379
1204,297,2023-03-28,70821
1205,222,2023-01-19,191637
1206,306,2023-02-15,90002
1207,278,2023-01-09,154927
1208,358,2023-01-18,128017
1209,328,2023-02-04,166509
1210,178,2023-01-06,183957
1211,255,2023-01-05,39614
1212,166,2023-02-25,65104
1213,284,2023-02-09,115289
1214,107,2023-01-17,119792
1215,297,2023-01-31,85040
1216,240,2023-02-20,122879
1217,407,2023-03-07,132534
1218,339,2023-02-22,131280
1219,424,2023-03-12,133193
1220,399,2023-01-04,129174
1221,427,2023-01-25,158897
1222,110,2023-01-30,109318
1223,111,2023-03-20,69561
1224,374,2023-02-15,170691
1225,305,2023-03-08,163101
1226,264,2023-03-01,179374
1227,54,2023-03-12,199640
1228,411,2023-01-26,162802
1229,270,2023-02-10,113733
1230,130,2023-03-27,112541
1231,21,2023-02-03,13525
1232,268,2023-03-10,71017
1233,205,2023-01-11,76590
1234,302,2023-02-04,33973
1235,66,2023-01-20,213315
1236,399,2023-01-22,83932
1237,489,2023-01-10,125779
1238,157,2023-01-25,118624
1239,226,2023-02-27,118764
1240,10,2023-01-08,164089
1241,252,2023-01-25,96861
1242,166,2023-01-27,85017
1243,491,2023-01-18,146912
1244,374,2023-02-17,99165
1245,252,2023-03-28,25476
1246,134,2023-02-08,100936
1247,95,2023-01-22,122244
1248,57,2023-03-14,78063
1249,267,2023-03-07,145531
1250,110,2023-01-04,128701
1251,303,2023-02-16,126505
1252,22,2023-03-10,38061
1253,471,2023-01-21,131834
1254,11,2023-01-31,119189
1255,124,2023-02-10,204132
1256,312,2023-02-06,102233
1257,409,2023-01-19,152203
1258,376,2023-02-09,138163
1259,161,2023-03-27,133663
1260,2,2023-03-07,152800
1261,197,2023-03-08,132152
1262,100,2023-03-26,47880
1263,59,2023-03-18,141732
1264,383,2023-02-18,156971
1265,182,2023-03-11,167786
1266,202,2023-01-31,59567
1267,305,2023-03-12,104568
1268,463,2023-02-08,197201
1269,60,2023-02-15,202987
1270,335,2023-01-18,176911
1271,425,2023-02-15,148962
1272,75,2023-02-28,48236
1273,374,2023-02-19,132821
1274,326,2023-03-29,114843
1275,163,2023-02-14,166645
1276,44,2023-01-13,155928
1277,181,2023-02-21,100982
1278,281,2023-01-28,202486
1279,218,2023-02-19,143640
1280,249,2023-03-20,72178
1281,124,2023-01-15,111722
1282,171,2023-03-03,74944
1283,160,2023-01-31,41548
1284,446,2023-01-26,130951
1285,460,2023-01-23,92477
1286,292,2023-02-26,160513
1287,469,2023-03-21,155595
1288,235,2023-02-18,205221
1289,500,2023-03-19,79825
1290,350,2023-02-23,62938
1291,344,2023-01-07,104194
1292,423,2023-03-09,209164
1293,407,2023-01-04,84833
1294,131,2023-02-04,118222
1295,334,2023-03-24,197200
1296,313,2023-02-09,160369
1297,480,2023-02-21,157236
1298,478,2023-03-21,81800
1299,387,2023-03-16,97984
1300,213,2023-01-23,116128
1301,460,2023-03-09,51185
1302,336,2023-03-23,113603
1303,417,2023-01-09,182378
1304,128,2023-03-01,51539
1305,19,2023-01-06,211916
1306,231,2023-01-04,134935
1307,65,2023-02-15,148571
1308,457,2023-02-24,157076
1309,474,2023-02-16,71598
1310,319,2023-01-06,74564
1311,148,2023-02-18,127562
1312,179,2023-01-28,137268
1313,5,2023-01-01,79535
1314,412,2023-02-04,125702
1315,290,2023-02-25,176882
1316,197,2023-01-06,44154
1317,243,2023-01-02,173089
1318,459,2023-01-29,213440
1319,220,2023-01-30,144799
1320,487,2023-01-13,104967
1321,235,2023-03-20,198186
1322,50,2023-01-26,164765
1323,252,2023-03-13,139533
1324,332,2023-01-04,192894
1325,184,2023-03-28,191973
1326,153,2023-01-16,67397
1327,377,2023-02-05,164877
1328,183,2023-03-09,83353
1329,143,2023-03-22,138147
1330,155,2023-02-19,86583
1331,107,2023-01-26,89029
1332,493,2023-01-14,98671
1333,297,2023-03-21,135830
1334,392,2023-01-22,157123
1335,476,2023-02-16,142041
1336,418,2023-01-11,114961
1337,207,2023-03-14,179412
1338,229,2023-02-10,161605
1339,93,2023-02-27,134529
1340,96,2023-02-02,222894
1341,168,2023-02-12,145438
1342,35,2023-02-28,106764
1343,284,2023-01-16,195394
1344,498,2023-03-16,125444
1345,219,2023-01-06,56601
1346,264,2023-01-12,103598
1347,269,2023-03-14,168387
1348,471,2023-03-28,153948
1349,266,2023-03-15,242719
1350,133,2023-01-15,65004
1351,442,2023-02-10,195453
1352,226,2023-01-01,29086
1353,461,2023-02-16,77174
1354,197,2023-01-03,248050
1355,72,2023-03-03,186512
1356,394,2023-03-09,93063
1357,271,2023-03-08,88297
1358,318,2023-03-08,114728
1359,73,2023-01-03,84624
1360,141,2023-02-11,148763
1361,436,2023-02-14,123597
1362,237,2023-01-11,42177
1363,416,2023-02-02,102560
1364,250,2023-02-01,62366
1365,165,2023-01-08,157896
1366,143,2023-03-27,117597
1367,256,2023-01-05,81099
1368,408,2023-02-05,92933
1369,446,2023-03-10,26385
1370,86,2023-01-11,164897
1371,96,2023-01-27,163159
1372,119,2023-03-01,100369
1373,280,2023-01-23,129633
1374,262,2023-03-28,72303
1375,100,2023-01-12,99308
1376,306,2023-01-10,113268
1377,112,2023-02-09,111043
1378,251,2023-01-03,178715
1379,382,2023-03-06,167916
1380,443,2023-01-31,82562
1381,470,2023-02-15,28501
1382,485,2023-01-20,152495
1383,121,2023-02-21,224877
1384,38,2023-03-15,105391
1385,338,2023-01-27,119010
1386,84,2023-02-15,81104
1387,164,2023-03-02,196324
1388,231,2023-03-09,88871
1389,331,2023-03-19,100794
1390,434,2023-03-11,89888
1391,272,2023-03-21,120106
1392,370,2023-01-04,24215
1393,296,2023-01-20,144985
1394,122,2023-02-11,186403
1395,42,2023-03-07,104392
1396,302,2023-01-27,115803
1397,491,2023-01-11,99273
1398,89,2023-03-04,114926
1399,60,2023-02-10,93727
1400,484,2023-01-30,122483
1401,318,2023-02-26,249593
1402,420,2023-01-08,127542
1403,245,2023-03-14,195298
1404,172,2023-01-04,263841
1405,342,2023-02-28,183253
1406,176,2023-03-17,157637
1407,90,2023-03-21,134850
1408,172,2023-02-14,120498
1409,55,2023-01-22,117747
1410,202,2023-02-11,114749
1411,169,2023-02-18,108709
1412,222,2023-03-14,155662
1413,118,2023-03-20,123332
1414,29,2023-01-11,68832
1415,213,2023-02-15,65004
1416,149,2023-01-07,124332
1417,186,2023-02-17,102696
1418,192,2023-02-25,181850
1419,419,2023-03-31,120453
1420,42,2023-03-02,146986
1421,334,2023-01-31,55310
1422,235,2023-02-15,118341
1423,464,2023-02-26,119766
1424,385,2023-01-05,85652
1425,418,2023-03-16,102324
1426,88,2023-03-08,36067
1427,151,2023-03-06,101973
1428,65,2023-02-17,24259
1429,336,2023-02-10,34193
1430,445,2023-01-24,158177
1431,204,2023-02-26,227175
1432,323,2023-03-10,100313
1433,214,2023-03-14,64483
1434,270,2023-02-10,126284
1435,256,2023-02-11,130395
1436,4,2023-02-01,209080
1437,358,2023-01-18,16692
1438,98,2023-01-17,109500
1439,7,2023-02-11,176403
1440,435,2023-03-29,32197
1441,354,2023-03-21,147967
1442,387,2023-01-04,207486
1443,69,2023-03-21,199595
1444,155,2023-02-04,194122
1445,176,2023-02-10,131809
1446,322,2023-03-11,85724
1447,280,2023-01-26,89456
1448,311,2023-02-03,102185
1449,263,2023-02-20,191273
1450,360,2023-02-10,36462
1451,385,2023-02-11,161973
1452,262,2023-01-03,182891
1453,165,2023-01-03,67646
1454,280,2023-01-29,76389
1455,428,2023-02-08,232545
1456,101,2023-03-03,101534
1457,374,2023-03-24,59564
1458,496,2023-01-05,124964
1459,251,2023-02-15,145689
1460,203,2023-03-25,119639
1461,182,2023-01-29,10000
1462,373,2023-02-25,126905
1463,10,2023-02-09,127446
1464,485,2023-02-07,66229
1465,320,2023-02-18,55176
1466,16,2023-01-30,16415
1467,340,2023-01-30,84355
1468,126,2023-03-06,163086
1469,302,2023-03-11,163086
1470,287,2023-03-02,155826
1471,225,2023-03-11,152138
1472,425,2023-02-27,162473
1473,163,2023-02-12,132175
1474,232,2023-03-03,56605
1475,311,2023-01-13,136772
1476,86,2023-02-07,53476
1477,338,2023-01-01,70946
1478,441,2023-02-14,163482
1479,440,2023-03-15,13151
1480,192,2023-01-05,215528
1481,57,2023-03-20,131115
1482,253,2023-01-07,56612
1483,249,2023-01-04,110802
1484,107,2023-03-17,92772
1485,255,2023-01-19,143941
1486,478,2023-02-12,207952
1487,191,2023-02-05,149428
1488,420,2023-03-22,117826
1489,328,2023-02-19,127859
1490,46,2023-02-14,199984
1491,401,2023-01-08,109941
1492,336,2023-02-18,136651
1493,366,2023-02-11,193272
1494,277,2023-01-18,74826
1495,418,2023-01-05,151642
1496,81,2023-02-13,198912
1497,334,2023-03-19,221785
1498,26,2023-03-31,112024
1499,352,2023-01-14,73891
1500,105,2023-02-23,111978
