id_cliente,nombre_cliente,segmento,region,ciudad
1,Cliente_1,Empresa,Centro,Rancagua
2,Cliente_2,Retail,Centro,Valparaiso
3,Cliente_3,Empresa,Norte,Iquique
4,Cliente_4,Retail,Centro,Rancagua
5,Cliente_5,Retail,Sur,Concepcion
6,Cliente_6,Retail,Centro,Rancagua
7,Cliente_7,Retail,Centro,Rancagua
8,Cliente_8,Retail,Norte,Antofagasta
9,Cliente_9,Retail,Centro,Rancagua
10,Cliente_10,Retail,Sur,Concepcion
11,Cliente_11,Retail,Sur,PuertoMontt
12,Cliente_12,Retail,Sur,PuertoMontt
13,Cliente_13,Retail,Sur,PuertoMontt
14,Cliente_14,Retail,Centro,Santiago
15,Cliente_15,Empresa,Norte,Antofagasta
16,Cliente_16,Retail,Sur,Concepcion
17,Cliente_17,Empresa,Sur,Temuco
18,Cliente_18,Retail,Norte,Antofagasta
19,Cliente_19,Empresa,Sur,PuertoMontt
20,Cliente_20,Empresa,Norte,Antofagasta
21,Cliente_21,Empresa,Norte,Antofagasta
22,Cliente_22,Retail,Centro,Valparaiso
23,Cliente_23,Retail,Norte,Arica
24,Cliente_24,Empresa,Norte,Antofagasta
25,Cliente_25,Empresa,Sur,Concepcion
26,Cliente_26,Empresa,Sur,Temuco
27,Cliente_27,Empresa,Sur,Temuco
28,Cliente_28,Empresa,Centro,Rancagua
29,Cliente_29,Retail,Centro,Santiago
30,Cliente_30,Empresa,Sur,Temuco
31,Cliente_31,Retail,Norte,Antofagasta
32,Cliente_32,Retail,Norte,Iquique
33,Cliente_33,Retail,Sur,Concepcion
34,Cliente_34,Retail,Norte,Iquique
35,Cliente_35,Empresa,Sur,PuertoMontt
36,Cliente_36,Empresa,Centro,Santiago
37,Cliente_37,Retail,Sur,PuertoMontt
38,Cliente_38,Retail,Centro,Valparaiso
39,Cliente_39,Retail,Sur,Concepcion
40,Cliente_40,Retail,Sur,PuertoMontt
41,Cliente_41,Empresa,Norte,Arica
42,Cliente_42,Retail,Sur,PuertoMontt
43,Cliente_43,Retail,Centro,Rancagua
44,Cliente_44,Empresa,Centro,Santiago
45,Cliente_45,Empresa,Sur,Temuco
46,Cliente_46,Retail,Norte,Antofagasta
47,Cliente_47,Retail,Sur,Concepcion
48,Cliente_48,Retail,Centro,Valparaiso
49,Cliente_49,Empresa,Centro,Santiago
50,Cliente_50,Retail,Sur,PuertoMontt
51,Cliente_51,Retail,Sur,PuertoMontt
52,Cliente_52,Empresa,Centro,Valparaiso
53,Cliente_53,Empresa,Sur,Concepcion
54,Cliente_54,Retail,Centro,Santiago
55,Cliente_55,Retail,Centro,Santiago
56,Cliente_56,Empresa,Norte,Iquique
57,Cliente_57,Retail,Norte,Antofagasta
58,Cliente_58,Empresa,Norte,Iquique
59,Cliente_59,Empresa,Norte,Iquique
60,Cliente_60,Retail,Norte,Arica
61,Cliente_61,Retail,Centro,Santiago
62,Cliente_62,Empresa,Centro,Valparaiso
63,Cliente_63,Empresa,Sur,PuertoMontt
64,Cliente_64,Empresa,Norte,Iquique
65,Cliente_65,Empresa,Centro,Valparaiso
66,Cliente_66,Retail,Centro,Santiago
67,Cliente_67,Empresa,Sur,PuertoMontt
68,Cliente_68,Empresa,Sur,Concepcion
69,Cliente_69,Retail,Norte,Arica
70,Cliente_70,Retail,Norte,Antofagasta
71,Cliente_71,Retail,Centro,Rancagua
72,Cliente_72,Empresa,Centro,Rancagua
73,Cliente_73,Empresa,Sur,Temuco
74,Cliente_74,Empresa,Sur,Temuco
75,Cliente_75,Empresa,Norte,Iquique
76,Cliente_76,Retail,Centro,Santiago
77,Cliente_77,Retail,Sur,Concepcion
78,Cliente_78,Empresa,Norte,Arica
79,Cliente_79,Retail,Norte,Iquique
80,Cliente_80,Empresa,Centro,Santiago
81,Cliente_81,Empresa,Norte,Iquique
82,Cliente_82,Retail,Centro,Rancagua
83,Cliente_83,Retail,Norte,Antofagasta
84,Cliente_84,Empresa,Sur,Temuco
85,Cliente_85,Retail,Norte,Arica
86,Cliente_86,Retail,Sur,Concepcion
87,Cliente_87,Retail,Sur,Concepcion
88,Cliente_88,Retail,Norte,Iquique
89,Cliente_89,Retail,Sur,PuertoMontt
90,Cliente_90,Retail,Sur,Concepcion
91,Cliente_91,Empresa,Norte,Antofagasta
92,Cliente_92,Retail,Sur,PuertoMontt
93,Cliente_93,Empresa,Norte,Antofagasta
94,Cliente_94,Empresa,Centro,Santiago
95,Cliente_95,Retail,Sur,Concepcion
96,Cliente_96,Retail,Centro,Rancagua
97,Cliente_97,Empresa,Sur,PuertoMontt
98,Cliente_98,Retail,Sur,Temuco
99,Cliente_99,Empresa,Norte,Iquique
100,Cliente_100,Empresa,Centro,Valparaiso
101,Cliente_101,Empresa,Sur,Temuco
102,Cliente_102,Empresa,Centro,Valparaiso
103,Cliente_103,Retail,Sur,PuertoMontt
104,Cliente_104,Empresa,Norte,Iquique
105,Cliente_105,Retail,Centro,Rancagua
106,Cliente_106,Empresa,Sur,Temuco
107,Cliente_107,Empresa,Centro,Valparaiso
108,Cliente_108,Retail,Norte,Antofagasta
109,Cliente_109,Retail,Centro,Rancagua
110,Cliente_110,Retail,Centro,Rancagua
111,Cliente_111,Empresa,Sur,Temuco
112,Cliente_112,Retail,Centro,Santiago
113,Cliente_113,Empresa,Norte,Iquique
114,Cliente_114,Empresa,Centro,Valparaiso
115,Cliente_115,Empresa,Norte,Iquique
116,Cliente_116,Retail,Sur,PuertoMontt
117,Cliente_117,Empresa,Norte,Iquique
118,Cliente_118,Retail,Sur,Temuco
119,Cliente_119,Retail,Norte,Antofagasta
120,Cliente_120,Retail,Sur,Temuco
121,Cliente_121,Empresa,Norte,Antofagasta
122,Cliente_122,Retail,Centro,Valparaiso
123,Cliente_123,Retail,Centro,Santiago
124,Cliente_124,Retail,Norte,Iquique
125,Cliente_125,Empresa,Centro,Rancagua
126,Cliente_126,Retail,Norte,Arica
127,Cliente_127,Empresa,Norte,Antofagasta
128,Cliente_128,Empresa,Centro,Santiago
129,Cliente_129,Retail,Norte,Iquique
130,Cliente_130,Empresa,Norte,Antofagasta
131,Cliente_131,Retail,Centro,Santiago
132,Cliente_132,Empresa,Centro,Rancagua
133,Cliente_133,Empresa,Centro,Santiago
134,Cliente_134,Retail,Sur,Concepcion
135,Cliente_135,Empresa,Sur,Concepcion
136,Cliente_136,Retail,Sur,Concepcion
137,Cliente_137,Retail,Sur,Temuco
138,Cliente_138,Retail,Norte,Arica
139,Cliente_139,Retail,Norte,Antofagasta
140,Cliente_140,Empresa,Sur,PuertoMontt
141,Cliente_141,Empresa,Norte,Arica
142,Cliente_142,Retail,Centro,Rancagua
143,Cliente_143,Retail,Sur,PuertoMontt
144,Cliente_144,Empresa,Sur,PuertoMontt
145,Cliente_145,Retail,Norte,Antofagasta
146,Cliente_146,Retail,Sur,Concepcion
147,Cliente_147,Retail,Centro,Valparaiso
148,Cliente_148,Empresa,Norte,Antofagasta
149,Cliente_149,Retail,Norte,Iquique
150,Cliente_150,Empresa,Centro,Valparaiso
151,Cliente_151,Empresa,Norte,Arica
152,Cliente_152,Retail,Norte,Arica
153,Cliente_153,Retail,Norte,Iquique
154,Cliente_154,Empresa,Sur,Temuco
155,Cliente_155,Empresa,Norte,Antofagasta
156,Cliente_156,Empresa,Centro,Santiago
157,Cliente_157,Retail,Norte,Arica
158,Cliente_158,Retail,Centro,Santiago
159,Cliente_159,Retail,Centro,Rancagua
160,Cliente_160,Retail,Sur,PuertoMontt
161,Cliente_161,Retail,Sur,PuertoMontt
162,Cliente_162,Retail,Sur,Temuco
163,Cliente_163,Empresa,Sur,Temuco
164,Cliente_164,Empresa,Norte,Antofagasta
165,Cliente_165,Retail,Norte,Arica
166,Cliente_166,Empresa,Norte,Iquique
167,Cliente_167,Retail,Norte,Antofagasta
168,Cliente_168,Retail,Sur,Temuco
169,Cliente_169,Retail,Centro,Santiago
170,Cliente_170,Empresa,Sur,PuertoMontt
171,Cliente_171,Retail,Sur,PuertoMontt
172,Cliente_172,Empresa,Sur,Concepcion
173,Cliente_173,Empresa,Sur,PuertoMontt
174,Cliente_174,Empresa,Sur,Concepcion
175,Cliente_175,Empresa,Centro,Valparaiso
176,Cliente_176,Empresa,Norte,Arica
177,Cliente_177,Retail,Sur,Temuco
178,Cliente_178,Retail,Sur,Temuco
179,Cliente_179,Empresa,Centro,Valparaiso
180,Cliente_180,Retail,Sur,Temuco
181,Cliente_181,Retail,Norte,Arica
182,Cliente_182,Empresa,Norte,Iquique
183,Cliente_183,Retail,Centro,Valparaiso
184,Cliente_184,Retail,Centro,Rancagua
185,Cliente_185,Empresa,Centro,Santiago
186,Cliente_186,Empresa,Norte,Antofagasta
187,Cliente_187,Retail,Sur,Temuco
188,Cliente_188,Retail,Norte,Arica
189,Cliente_189,Retail,Norte,Iquique
190,Cliente_190,Retail,Centro,Santiago
191,Cliente_191,Retail,Norte,Antofagasta
192,Cliente_192,Retail,Sur,Temuco
193,Cliente_193,Retail,Centro,Rancagua
194,Cliente_194,Empresa,Norte,Arica
195,Cliente_195,Empresa,Centro,Santiago
196,Cliente_196,Empresa,Norte,Arica
197,Cliente_197,Empresa,Sur,Concepcion
198,Cliente_198,Retail,Sur,PuertoMontt
199,Cliente_199,Retail,Centro,Rancagua
200,Cliente_200,Retail,Norte,Arica
201,Cliente_201,Empresa,Centro,Rancagua
202,Cliente_202,Retail,Centro,Rancagua
203,Cliente_203,Retail,Centro,Rancagua
204,Cliente_204,Retail,Centro,Santiago
205,Cliente_205,Empresa,Sur,Concepcion
206,Cliente_206,Retail,Sur,Concepcion
207,Cliente_207,Retail,Norte,Antofagasta
208,Cliente_208,Empresa,Norte,Arica
209,Cliente_209,Retail,Sur,Temuco
210,Cliente_210,Retail,Norte,Arica
211,Cliente_211,Empresa,Norte,Antofagasta
212,Cliente_212,Retail,Norte,Iquique
213,Cliente_213,Empresa,Norte,Arica
214,Cliente_214,Retail,Norte,Antofagasta
215,Cliente_215,Empresa,Norte,Arica
216,Cliente_216,Retail,Sur,Concepcion
217,Cliente_217,Retail,Sur,Temuco
218,Cliente_218,Retail,Centro,Rancagua
219,Cliente_219,Retail,Centro,Valparaiso
220,Cliente_220,Empresa,Norte,Arica
221,Cliente_221,Empresa,Centro,Santiago
222,Cliente_222,Retail,Norte,Arica
223,Cliente_223,Empresa,Centro,Valparaiso
224,Cliente_224,Empresa,Sur,Concepcion
225,Cliente_225,Empresa,Centro,Rancagua
226,Cliente_226,Retail,Norte,Arica
227,Cliente_227,Retail,Sur,Concepcion
228,Cliente_228,Empresa,Norte,Antofagasta
229,Cliente_229,Retail,Norte,Antofagasta
230,Cliente_230,Retail,Norte,Arica
231,Cliente_231,Empresa,Sur,PuertoMontt
232,Cliente_232,Empresa,Centro,Santiago
233,Cliente_233,Retail,Centro,Santiago
234,Cliente_234,Retail,Centro,Rancagua
235,Cliente_235,Empresa,Norte,Arica
236,Cliente_236,Empresa,Centro,Valparaiso
237,Cliente_237,Retail,Norte,Iquique
238,Cliente_238,Empresa,Centro,Valparaiso
239,Cliente_239,Retail,Sur,Temuco
240,Cliente_240,Empresa,Sur,PuertoMontt
241,Cliente_241,Retail,Centro,Santiago
242,Cliente_242,Retail,Centro,Valparaiso
243,Cliente_243,Retail,Norte,Arica
244,Cliente_244,Retail,Norte,Arica
245,Cliente_245,Retail,Norte,Iquique
246,Cliente_246,Retail,Sur,Temuco
247,Cliente_247,Retail,Norte,Iquique
248,Cliente_248,Empresa,Norte,Iquique
249,Cliente_249,Retail,Norte,Arica
250,Cliente_250,Empresa,Sur,PuertoMontt
251,Cliente_251,Empresa,Centro,Rancagua
252,Cliente_252,Empresa,Sur,PuertoMontt
253,Cliente_253,Retail,Centro,Santiago
254,Cliente_254,Retail,Norte,Iquique
255,Cliente_255,Empresa,Norte,Arica
256,Cliente_256,Empresa,Sur,Concepcion
257,Cliente_257,Empresa,Norte,Antofagasta
258,Cliente_258,Empresa,Sur,PuertoMontt
259,Cliente_259,Retail,Sur,Temuco
260,Cliente_260,Empresa,Sur,PuertoMontt
261,Cliente_261,Retail,Norte,Iquique
262,Cliente_262,Retail,Sur,Concepcion
263,Cliente_263,Retail,Centro,Valparaiso
264,Cliente_264,Empresa,Sur,PuertoMontt
265,Cliente_265,Retail,Centro,Rancagua
266,Cliente_266,Retail,Centro,Rancagua
267,Cliente_267,Empresa,Centro,Santiago
268,Cliente_268,Empresa,Sur,PuertoMontt
269,Cliente_269,Retail,Centro,Santiago
270,Cliente_270,Retail,Norte,Iquique
271,Cliente_271,Empresa,Sur,PuertoMontt
272,Cliente_272,Empresa,Norte,Arica
273,Cliente_273,Empresa,Centro,Valparaiso
274,Cliente_274,Retail,Centro,Valparaiso
275,Cliente_275,Empresa,Centro,Santiago
276,Cliente_276,Empresa,Norte,Iquique
277,Cliente_277,Empresa,Norte,Arica
278,Cliente_278,Retail,Norte,Iquique
279,Cliente_279,Empresa,Centro,Valparaiso
280,Cliente_280,Empresa,Centro,Santiago
281,Cliente_281,Empresa,Sur,Temuco
282,Cliente_282,Retail,Norte,Antofagasta
283,Cliente_283,Retail,Norte,Antofagasta
284,Cliente_284,Retail,Norte,Iquique
285,Cliente_285,Retail,Sur,Concepcion
286,Cliente_286,Retail,Sur,Temuco
287,Cliente_287,Empresa,Norte,Antofagasta
288,Cliente_288,Retail,Norte,Antofagasta
289,Cliente_289,Empresa,Sur,Concepcion
290,Cliente_290,Retail,Centro,Rancagua
291,Cliente_291,Retail,Sur,Concepcion
292,Cliente_292,Retail,Sur,Concepcion
293,Cliente_293,Empresa,Centro,Valparaiso
294,Cliente_294,Empresa,Sur,Concepcion
295,Cliente_295,Empresa,Centro,Rancagua
296,Cliente_296,Empresa,Centro,Santiago
297,Cliente_297,Empresa,Centro,Rancagua
298,Cliente_298,Retail,Norte,Antofagasta
299,Cliente_299,Retail,Centro,Valparaiso
300,Cliente_300,Empresa,Sur,Temuco
301,Cliente_301,Retail,Centro,Rancagua
302,Cliente_302,Empresa,Norte,Arica
303,Cliente_303,Empresa,Sur,PuertoMontt
304,Cliente_304,Retail,Norte,Iquique
305,Cliente_305,Retail,Centro,Rancagua
306,Cliente_306,Retail,Sur,PuertoMontt
307,Cliente_307,Empresa,Norte,Antofagasta
308,Cliente_308,Empresa,Sur,PuertoMontt
309,Cliente_309,Retail,Norte,Antofagasta
310,Cliente_310,Retail,Centro,Rancagua
311,Cliente_311,Empresa,Sur,PuertoMontt
312,Cliente_312,Empresa,Centro,Santiago
313,Cliente_313,Empresa,Centro,Rancagua
314,Cliente_314,Empresa,Centro,Santiago
315,Cliente_315,Empresa,Norte,Arica
316,Cliente_316,Empresa,Sur,Temuco
317,Cliente_317,Retail,Centro,Santiago
318,Cliente_318,Retail,Sur,Concepcion
319,Cliente_319,Empresa,Centro,Santiago
320,Cliente_320,Empresa,Sur,Concepcion
321,Cliente_321,Empresa,Sur,PuertoMontt
322,Cliente_322,Empresa,Centro,Valparaiso
323,Cliente_323,Empresa,Centro,Santiago
324,Cliente_324,Retail,Centro,Valparaiso
325,Cliente_325,Retail,Centro,Santiago
326,Cliente_326,Empresa,Sur,PuertoMontt
327,Cliente_327,Empresa,Norte,Antofagasta
328,Cliente_328,Retail,Norte,Antofagasta
329,Cliente_329,Empresa,Sur,Temuco
330,Cliente_330,Empresa,Norte,Antofagasta
331,Cliente_331,Empresa,Sur,Temuco
332,Cliente_332,Retail,Norte,Arica
333,Cliente_333,Empresa,Centro,Rancagua
334,Cliente_334,Empresa,Norte,Iquique
335,Cliente_335,Retail,Sur,Temuco
336,Cliente_336,Retail,Centro,Santiago
337,Cliente_337,Retail,Centro,Santiago
338,Cliente_338,Retail,Sur,PuertoMontt
339,Cliente_339,Retail,Centro,Valparaiso
340,Cliente_340,Empresa,Norte,Arica
341,Cliente_341,Empresa,Sur,Concepcion
342,Cliente_342,Retail,Sur,Concepcion
343,Cliente_343,Empresa,Sur,PuertoMontt
344,Cliente_344,Retail,Centro,Rancagua
345,Cliente_345,Retail,Sur,PuertoMontt
346,Cliente_346,Retail,Centro,Valparaiso
347,Cliente_347,Empresa,Norte,Iquique
348,Cliente_348,Retail,Norte,Arica
349,Cliente_349,Retail,Sur,Temuco
350,Cliente_350,Empresa,Sur,PuertoMontt
351,Cliente_351,Retail,Sur,Concepcion
352,Cliente_352,Retail,Sur,PuertoMontt
353,Cliente_353,Empresa,Norte,Antofagasta
354,Cliente_354,Retail,Norte,Antofagasta
355,Cliente_355,Empresa,Centro,Santiago
356,Cliente_356,Retail,Centro,Valparaiso
357,Cliente_357,Empresa,Sur,Temuco
358,Cliente_358,Retail,Norte,Arica
359,Cliente_359,Empresa,Norte,Iquique
360,Cliente_360,Empresa,Sur,Concepcion
361,Cliente_361,Retail,Norte,Antofagasta
362,Cliente_362,Empresa,Norte,Arica
363,Cliente_363,Retail,Centro,Rancagua
364,Cliente_364,Retail,Centro,Valparaiso
365,Cliente_365,Retail,Norte,Antofagasta
366,Cliente_366,Retail,Norte,Arica
367,Cliente_367,Empresa,Norte,Antofagasta
368,Cliente_368,Retail,Centro,Valparaiso
369,Cliente_369,Empresa,Norte,Arica
370,Cliente_370,Retail,Sur,Concepcion
371,Cliente_371,Empresa,Centro,Rancagua
372,Cliente_372,Empresa,Sur,Temuco
373,Cliente_373,Empresa,Norte,Antofagasta
374,Cliente_374,Retail,Sur,Concepcion
375,Cliente_375,Empresa,Sur,PuertoMontt
376,Cliente_376,Retail,Norte,Arica
377,Cliente_377,Empresa,Centro,Valparaiso
378,Cliente_378,Retail,Centro,Santiago
379,Cliente_379,Retail,Sur,PuertoMontt
380,Cliente_380,Retail,Centro,Rancagua
381,Cliente_381,Empresa,Norte,Iquique
382,Cliente_382,Retail,Norte,Antofagasta
383,Cliente_383,Empresa,Sur,Temuco
384,Cliente_384,Retail,Norte,Antofagasta
385,Cliente_385,Empresa,Sur,PuertoMontt
386,Cliente_386,Empresa,Sur,Temuco
387,Cliente_387,Retail,Sur,PuertoMontt
388,Cliente_388,Empresa,Centro,Valparaiso
389,Cliente_389,Empresa,Centro,Santiago
390,Cliente_390,Retail,Norte,Antofagasta
391,Cliente_391,Empresa,Sur,Temuco
392,Cliente_392,Empresa,Norte,Antofagasta
393,Cliente_393,Empresa,Centro,Rancagua
394,Cliente_394,Retail,Sur,Temuco
395,Cliente_395,Empresa,Sur,Temuco
396,Cliente_396,Empresa,Norte,Arica
397,Cliente_397,Empresa,Centro,Valparaiso
398,Cliente_398,Retail,Centro,Santiago
399,Cliente_399,Retail,Norte,Antofagasta
400,Cliente_400,Retail,Norte,Arica
401,Cliente_401,Retail,Norte,Antofagasta
402,Cliente_402,Empresa,Norte,Antofagasta
403,Cliente_403,Empresa,Norte,Arica
404,Cliente_404,Empresa,Norte,Antofagasta
405,Cliente_405,Retail,Norte,Arica
406,Cliente_406,Empresa,Centro,Rancagua
407,Cliente_407,Empresa,Norte,Iquique
408,Cliente_408,Retail,Sur,PuertoMontt
409,Cliente_409,Empresa,Norte,Arica
410,Cliente_410,Empresa,Centro,Santiago
411,Cliente_411,Empresa,Norte,Antofagasta
412,Cliente_412,Retail,Norte,Arica
413,Cliente_413,Retail,Centro,Valparaiso
414,Cliente_414,Empresa,Sur,Temuco
415,Cliente_415,Retail,Norte,Arica
416,Cliente_416,Empresa,Sur,Temuco
417,Cliente_417,Retail,Centro,Santiago
418,Cliente_418,Retail,Centro,Santiago
419,Cliente_419,Empresa,Centro,Santiago
420,Cliente_420,Empresa,Sur,Concepcion
421,Cliente_421,Empresa,Sur,Temuco
422,Cliente_422,Retail,Norte,Iquique
423,Cliente_423,Empresa,Centro,Rancagua
424,Cliente_424,Empresa,Centro,Valparaiso
425,Cliente_425,Retail,Centro,Rancagua
426,Cliente_426,Empresa,Norte,Antofagasta
427,Cliente_427,Empresa,Centro,Rancagua
428,Cliente_428,Retail,Norte,Arica
429,Cliente_429,Retail,Sur,Concepcion
430,Cliente_430,Empresa,Norte,Arica
431,Cliente_431,Retail,Sur,PuertoMontt
432,Cliente_432,Empresa,Sur,Temuco
433,Cliente_433,Retail,Sur,PuertoMontt
434,Cliente_434,Empresa,Sur,PuertoMontt
435,Cliente_435,Retail,Centro,Valparaiso
436,Cliente_436,Empresa,Norte,Arica
437,Cliente_437,Empresa,Centro,Rancagua
438,Cliente_438,Empresa,Sur,Concepcion
439,Cliente_439,Retail,Centro,Santiago
440,Cliente_440,Retail,Norte,Antofagasta
441,Cliente_441,Retail,Centro,Rancagua
442,Cliente_442,Retail,Norte,Iquique
443,Cliente_443,Retail,Sur,PuertoMontt
444,Cliente_444,Retail,Sur,Temuco
445,Cliente_445,Empresa,Norte,Antofagasta
446,Cliente_446,Retail,Norte,Arica
447,Cliente_447,Retail,Norte,Antofagasta
448,Cliente_448,Retail,Centro,Rancagua
449,Cliente_449,Retail,Centro,Valparaiso
450,Cliente_450,Retail,Centro,Santiago
451,Cliente_451,Retail,Norte,Arica
452,Cliente_452,Retail,Centro,Santiago
453,Cliente_453,Retail,Norte,Arica
454,Cliente_454,Retail,Centro,Rancagua
455,Cliente_455,Retail,Centro,Santiago
456,Cliente_456,Retail,Sur,PuertoMontt
457,Cliente_457,Empresa,Centro,Valparaiso
458,Cliente_458,Empresa,Centro,Santiago
459,Cliente_459,Retail,Norte,Iquique
460,Cliente_460,Retail,Centro,Valparaiso
461,Cliente_461,Retail,Sur,Concepcion
462,Cliente_462,Retail,Norte,Antofagasta
463,Cliente_463,Retail,Centro,Santiago
464,Cliente_464,Empresa,Sur,PuertoMontt
465,Cliente_465,Retail,Norte,Arica
466,Cliente_466,Retail,Norte,Iquique
467,Cliente_467,Empresa,Norte,Antofagasta
468,Cliente_468,Empresa,Sur,PuertoMontt
469,Cliente_469,Empresa,Norte,Iquique
470,Cliente_470,Empresa,Centro,Valparaiso
471,Cliente_471,Empresa,Centro,Valparaiso
472,Cliente_472,Empresa,Centro,Santiago
473,Cliente_473,Retail,Sur,PuertoMontt
474,Cliente_474,Retail,Centro,Santiago
475,Cliente_475,Empresa,Centro,Rancagua
476,Cliente_476,Empresa,Norte,Arica
477,Cliente_477,Retail,Centro,Rancagua
478,Cliente_478,Retail,Sur,Temuco
479,Cliente_479,Empresa,Sur,Temuco
480,Cliente_480,Retail,Norte,Iquique
481,Cliente_481,Retail,Norte,Antofagasta
482,Cliente_482,Empresa,Norte,Antofagasta
483,Cliente_483,Empresa,Norte,Arica
484,Cliente_484,Empresa,Norte,Antofagasta
485,Cliente_485,Empresa,Centro,Valparaiso
486,Cliente_486,Empresa,Sur,Concepcion
487,Cliente_487,Empresa,Centro,Valparaiso
488,Cliente_488,Retail,Sur,Concepcion
489,Cliente_489,Retail,Sur,Temuco
490,Cliente_490,Retail,Sur,Concepcion
491,Cliente_491,Empresa,Norte,Iquique
492,Cliente_492,Retail,Norte,Arica
493,Cliente_493,Retail,Centro,Rancagua
494,Cliente_494,Retail,Norte,Iquique
495,Cliente_495,Empresa,Sur,Concepcion
496,Cliente_496,Empresa,Norte,Arica
497,Cliente_497,Empresa,Centro,Santiago
498,Cliente_498,Empresa,Norte,Antofagasta
499,Cliente_499,Empresa,Norte,Arica
500,Cliente_500,Empresa,Centro,Santiago
501,Cliente_501,Retail,Centro,Rancagua
502,Cliente_502,Empresa,Sur,PuertoMontt
503,Cliente_503,Retail,Norte,Antofagasta
504,Cliente_504,Retail,Sur,PuertoMontt
505,Cliente_505,Retail,Sur,PuertoMontt
506,Cliente_506,Empresa,Centro,Santiago
507,Cliente_507,Empresa,Sur,PuertoMontt
508,Cliente_508,Empresa,Sur,Temuco
509,Cliente_509,Empresa,Sur,Concepcion
510,Cliente_510,Empresa,Sur,PuertoMontt
511,Cliente_511,Retail,Norte,Arica
512,Cliente_512,Empresa,Centro,Valparaiso
513,Cliente_513,Retail,Centro,Santiago
514,Cliente_514,Retail,Sur,Temuco
515,Cliente_515,Retail,Norte,Antofagasta
516,Cliente_516,Empresa,Centro,Rancagua
517,Cliente_517,Retail,Centro,Santiago
518,Cliente_518,Empresa,Norte,Antofagasta
519,Cliente_519,Retail,Norte,Antofagasta
520,Cliente_520,Retail,Norte,Iquique
521,Cliente_521,Retail,Sur,PuertoMontt
522,Cliente_522,Retail,Sur,Concepcion
523,Cliente_523,Empresa,Sur,Temuco
524,Cliente_524,Retail,Norte,Antofagasta
525,Cliente_525,Retail,Sur,PuertoMontt
526,Cliente_526,Empresa,Centro,Valparaiso
527,Cliente_527,Empresa,Centro,Rancagua
528,Cliente_528,Retail,Centro,Valparaiso
529,Cliente_529,Retail,Sur,PuertoMontt
530,Cliente_530,Retail,Centro,Valparaiso
531,Cliente_531,Retail,Centro,Santiago
532,Cliente_532,Empresa,Sur,PuertoMontt
533,Cliente_533,Empresa,Centro,Valparaiso
534,Cliente_534,Empresa,Sur,Temuco
535,Cliente_535,Retail,Centro,Valparaiso
536,Cliente_536,Empresa,Centro,Santiago
537,Cliente_537,Empresa,Sur,PuertoMontt
538,Cliente_538,Empresa,Norte,Antofagasta
539,Cliente_539,Empresa,Norte,Iquique
540,Cliente_540,Retail,Sur,Temuco
541,Cliente_541,Empresa,Centro,Rancagua
542,Cliente_542,Retail,Norte,Arica
543,Cliente_543,Empresa,Sur,Concepcion
544,Cliente_544,Empresa,Centro,Rancagua
545,Cliente_545,Retail,Norte,Arica
546,Cliente_546,Empresa,Norte,Arica
547,Cliente_547,Retail,Centro,Valparaiso
548,Cliente_548,Empresa,Norte,Iquique
549,Cliente_549,Empresa,Norte,Arica
550,Cliente_550,Empresa,Sur,PuertoMontt
551,Cliente_551,Empresa,Norte,Antofagasta
552,Cliente_552,Retail,Norte,Iquique
553,Cliente_553,Empresa,Norte,Iquique
554,Cliente_554,Empresa,Sur,Concepcion
555,Cliente_555,Empresa,Sur,Concepcion
556,Cliente_556,Retail,Norte,Iquique
557,Cliente_557,Empresa,Sur,Concepcion
558,Cliente_558,Empresa,Sur,Temuco
559,Cliente_559,Empresa,Norte,Antofagasta
560,Cliente_560,Retail,Norte,Antofagasta
561,Cliente_561,Empresa,Sur,Temuco
562,Cliente_562,Retail,Sur,Concepcion
563,Cliente_563,Retail,Sur,PuertoMontt
564,Cliente_564,Empresa,Sur,PuertoMontt
565,Cliente_565,Retail,Centro,Santiago
566,Cliente_566,Retail,Centro,Santiago
567,Cliente_567,Retail,Norte,Antofagasta
568,Cliente_568,Retail,Norte,Antofagasta
569,Cliente_569,Empresa,Norte,Arica
570,Cliente_570,Retail,Norte,Arica
571,Cliente_571,Retail,Norte,Iquique
572,Cliente_572,Retail,Centro,Santiago
573,Cliente_573,Retail,Norte,Arica
574,Cliente_574,Empresa,Norte,Iquique
575,Cliente_575,Retail,Sur,Temuco
576,Cliente_576,Empresa,Centro,Rancagua
577,Cliente_577,Empresa,Centro,Rancagua
578,Cliente_578,Retail,Sur,PuertoMontt
579,Cliente_579,Empresa,Centro,Santiago
580,Cliente_580,Empresa,Norte,Antofagasta
581,Cliente_581,Retail,Norte,Iquique
582,Cliente_582,Empresa,Norte,Antofagasta
583,Cliente_583,Empresa,Norte,Arica
584,Cliente_584,Empresa,Centro,Valparaiso
585,Cliente_585,Empresa,Sur,PuertoMontt
586,Cliente_586,Empresa,Sur,Concepcion
587,Cliente_587,Retail,Centro,Rancagua
588,Cliente_588,Empresa,Sur,Temuco
589,Cliente_589,Empresa,Sur,PuertoMontt
590,Cliente_590,Retail,Norte,Iquique
591,Cliente_591,Empresa,Sur,Concepcion
592,Cliente_592,Retail,Centro,Valparaiso
593,Cliente_593,Empresa,Norte,Iquique
594,Cliente_594,Retail,Centro,Santiago
595,Cliente_595,Empresa,Centro,Valparaiso
596,Cliente_596,Empresa,Sur,Temuco
597,Cliente_597,Retail,Centro,Santiago
598,Cliente_598,Retail,Sur,Temuco
599,Cliente_599,Empresa,Centro,Valparaiso
600,Cliente_600,Retail,Norte,Arica
601,Cliente_601,Empresa,Sur,PuertoMontt
602,Cliente_602,Retail,Norte,Arica
603,Cliente_603,Empresa,Sur,PuertoMontt
604,Cliente_604,Empresa,Sur,PuertoMontt
605,Cliente_605,Empresa,Sur,Temuco
606,Cliente_606,Empresa,Norte,Iquique
607,Cliente_607,Retail,Norte,Arica
608,Cliente_608,Empresa,Sur,Concepcion
609,Cliente_609,Retail,Norte,Iquique
610,Cliente_610,Empresa,Norte,Iquique
611,Cliente_611,Retail,Centro,Santiago
612,Cliente_612,Empresa,Sur,Concepcion
613,Cliente_613,Retail,Sur,Concepcion
614,Cliente_614,Retail,Norte,Iquique
615,Cliente_615,Retail,Sur,Concepcion
616,Cliente_616,Retail,Centro,Valparaiso
617,Cliente_617,Empresa,Norte,Arica
618,Cliente_618,Empresa,Centro,Santiago
619,Cliente_619,Empresa,Centro,Santiago
620,Cliente_620,Retail,Sur,Temuco
621,Cliente_621,Retail,Sur,Temuco
622,Cliente_622,Empresa,Sur,PuertoMontt
623,Cliente_623,Retail,Sur,Temuco
624,Cliente_624,Retail,Sur,Concepcion
625,Cliente_625,Retail,Centro,Santiago
626,Cliente_626,Empresa,Norte,Iquique
627,Cliente_627,Retail,Centro,Rancagua
628,Cliente_628,Empresa,Norte,Arica
629,Cliente_629,Empresa,Centro,Valparaiso
630,Cliente_630,Retail,Centro,Rancagua
631,Cliente_631,Retail,Centro,Valparaiso
632,Cliente_632,Empresa,Sur,Temuco
633,Cliente_633,Empresa,Norte,Iquique
634,Cliente_634,Retail,Norte,Antofagasta
635,Cliente_635,Retail,Centro,Santiago
636,Cliente_636,Retail,Norte,Arica
637,Cliente_637,Retail,Sur,PuertoMontt
638,Cliente_638,Retail,Norte,Antofagasta
639,Cliente_639,Retail,Norte,Arica
640,Cliente_640,Retail,Centro,Santiago
641,Cliente_641,Empresa,Centro,Santiago
642,Cliente_642,Empresa,Sur,Concepcion
643,Cliente_643,Retail,Sur,Concepcion
644,Cliente_644,Empresa,Norte,Iquique
645,Cliente_645,Empresa,Sur,Temuco
646,Cliente_646,Retail,Centro,Valparaiso
647,Cliente_647,Empresa,Sur,PuertoMontt
648,Cliente_648,Retail,Norte,Antofagasta
649,Cliente_649,Retail,Norte,Antofagasta
650,Cliente_650,Retail,Norte,Arica
651,Cliente_651,Empresa,Norte,Arica
652,Cliente_652,Retail,Sur,Temuco
653,Cliente_653,Retail,Norte,Iquique
654,Cliente_654,Empresa,Sur,PuertoMontt
655,Cliente_655,Retail,Centro,Rancagua
656,Cliente_656,Empresa,Centro,Santiago
657,Cliente_657,Empresa,Sur,Concepcion
658,Cliente_658,Empresa,Centro,Rancagua
659,Cliente_659,Retail,Centro,Valparaiso
660,Cliente_660,Empresa,Sur,Temuco
661,Cliente_661,Empresa,Norte,Arica
662,Cliente_662,Empresa,Norte,Iquique
663,Cliente_663,Retail,Centro,Rancagua
664,Cliente_664,Retail,Norte,Antofagasta
665,Cliente_665,Retail,Norte,Arica
666,Cliente_666,Empresa,Sur,Temuco
667,Cliente_667,Empresa,Centro,Santiago
668,Cliente_668,Empresa,Centro,Rancagua
669,Cliente_669,Retail,Centro,Valparaiso
670,Cliente_670,Empresa,Norte,Antofagasta
671,Cliente_671,Empresa,Norte,Iquique
672,Cliente_672,Retail,Sur,PuertoMontt
673,Cliente_673,Empresa,Centro,Rancagua
674,Cliente_674,Empresa,Norte,Iquique
675,Cliente_675,Retail,Sur,Concepcion
676,Cliente_676,Retail,Sur,PuertoMontt
677,Cliente_677,Empresa,Sur,Temuco
678,Cliente_678,Empresa,Centro,Valparaiso
679,Cliente_679,Retail,Sur,PuertoMontt
680,Cliente_680,Retail,Centro,Valparaiso
681,Cliente_681,Retail,Norte,Antofagasta
682,Cliente_682,Retail,Norte,Arica
683,Cliente_683,Empresa,Centro,Valparaiso
684,Cliente_684,Retail,Sur,Concepcion
685,Cliente_685,Empresa,Norte,Iquique
686,Cliente_686,Empresa,Norte,Antofagasta
687,Cliente_687,Empresa,Sur,Temuco
688,Cliente_688,Retail,Norte,Antofagasta
689,Cliente_689,Retail,Norte,Iquique
690,Cliente_690,Empresa,Centro,Valparaiso
691,Cliente_691,Retail,Sur,PuertoMontt
692,Cliente_692,Empresa,Centro,Santiago
693,Cliente_693,Empresa,Sur,Concepcion
694,Cliente_694,Empresa,Norte,Antofagasta
695,Cliente_695,Empresa,Norte,Arica
696,Cliente_696,Retail,Centro,Rancagua
697,Cliente_697,Retail,Centro,Valparaiso
698,Cliente_698,Empresa,Centro,Rancagua
699,Cliente_699,Empresa,Sur,Concepcion
700,Cliente_700,Empresa,Norte,Antofagasta
701,Cliente_701,Empresa,Centro,Valparaiso
702,Cliente_702,Retail,Norte,Iquique
703,Cliente_703,Retail,Norte,Arica
704,Cliente_704,Retail,Norte,Arica
705,Cliente_705,Empresa,Norte,Antofagasta
706,Cliente_706,Retail,Sur,PuertoMontt
707,Cliente_707,Retail,Sur,Temuco
708,Cliente_708,Retail,Centro,Valparaiso
709,Cliente_709,Empresa,Sur,Concepcion
710,Cliente_710,Empresa,Centro,Valparaiso
711,Cliente_711,Empresa,Norte,Iquique
712,Cliente_712,Retail,Sur,Concepcion
713,Cliente_713,Retail,Sur,Temuco
714,Cliente_714,Empresa,Centro,Santiago
715,Cliente_715,Empresa,Sur,Concepcion
716,Cliente_716,Retail,Sur,Temuco
717,Cliente_717,Retail,Centro,Rancagua
718,Cliente_718,Retail,Centro,Valparaiso
719,Cliente_719,Retail,Centro,Valparaiso
720,Cliente_720,Retail,Centro,Santiago
721,Cliente_721,Retail,Sur,Temuco
722,Cliente_722,Retail,Centro,Santiago
723,Cliente_723,Retail,Norte,Iquique
724,Cliente_724,Empresa,Sur,Concepcion
725,Cliente_725,Empresa,Centro,Valparaiso
726,Cliente_726,Empresa,Norte,Iquique
727,Cliente_727,Retail,Norte,Arica
728,Cliente_728,Empresa,Centro,Rancagua
729,Cliente_729,Retail,Centro,Rancagua
730,Cliente_730,Empresa,Norte,Iquique
731,Cliente_731,Empresa,Norte,Arica
732,Cliente_732,Empresa,Sur,Concepcion
733,Cliente_733,Empresa,Centro,Rancagua
734,Cliente_734,Retail,Sur,Concepcion
735,Cliente_735,Empresa,Norte,Iquique
736,Cliente_736,Retail,Sur,Concepcion
737,Cliente_737,Retail,Norte,Antofagasta
738,Cliente_738,Retail,Sur,PuertoMontt
739,Cliente_739,Retail,Sur,Concepcion
740,Cliente_740,Empresa,Norte,Antofagasta
741,Cliente_741,Retail,Norte,Antofagasta
742,Cliente_742,Retail,Norte,Arica
743,Cliente_743,Empresa,Sur,PuertoMontt
744,Cliente_744,Empresa,Centro,Rancagua
745,Cliente_745,Retail,Sur,PuertoMontt
746,Cliente_746,Retail,Sur,Concepcion
747,Cliente_747,Empresa,Centro,Valparaiso
748,Cliente_748,Empresa,Sur,Temuco
749,Cliente_749,Empresa,Norte,Arica
750,Cliente_750,Retail,Sur,Temuco
751,Cliente_751,Retail,Sur,PuertoMontt
752,Cliente_752,Empresa,Sur,PuertoMontt
753,Cliente_753,Retail,Sur,PuertoMontt
754,Cliente_754,Empresa,Norte,Iquique
755,Cliente_755,Empresa,Centro,Valparaiso
756,Cliente_756,Retail,Sur,Concepcion
757,Cliente_757,Empresa,Sur,Concepcion
758,Cliente_758,Empresa,Sur,PuertoMontt
759,Cliente_759,Retail,Sur,Concepcion
760,Cliente_760,Empresa,Norte,Arica
761,Cliente_761,Empresa,Centro,Rancagua
762,Cliente_762,Retail,Norte,Arica
763,Cliente_763,Empresa,Sur,Concepcion
764,Cliente_764,Retail,Norte,Antofagasta
765,Cliente_765,Empresa,Sur,Concepcion
766,Cliente_766,Empresa,Norte,Arica
767,Cliente_767,Retail,Norte,Antofagasta
768,Cliente_768,Empresa,Norte,Arica
769,Cliente_769,Empresa,Centro,Valparaiso
770,Cliente_770,Retail,Centro,Valparaiso
771,Cliente_771,Retail,Sur,Concepcion
772,Cliente_772,Empresa,Norte,Arica
773,Cliente_773,Retail,Norte,Iquique
774,Cliente_774,Empresa,Norte,Iquique
775,Cliente_775,Retail,Sur,Temuco
776,Cliente_776,Empresa,Sur,Temuco
777,Cliente_777,Retail,Sur,Concepcion
778,Cliente_778,Retail,Norte,Antofagasta
779,Cliente_779,Retail,Norte,Antofagasta
780,Cliente_780,Empresa,Norte,Arica
781,Cliente_781,Retail,Centro,Santiago
782,Cliente_782,Retail,Sur,Concepcion
783,Cliente_783,Empresa,Centro,Santiago
784,Cliente_784,Retail,Sur,Concepcion
785,Cliente_785,Retail,Sur,Concepcion
786,Cliente_786,Empresa,Centro,Valparaiso
787,Cliente_787,Retail,Centro,Santiago
788,Cliente_788,Retail,Sur,Concepcion
789,Cliente_789,Empresa,Norte,Arica
790,Cliente_790,Empresa,Sur,Concepcion
791,Cliente_791,Retail,Sur,Concepcion
792,Cliente_792,Empresa,Sur,Concepcion
793,Cliente_793,Empresa,Centro,Rancagua
794,Cliente_794,Retail,Norte,Antofagasta
795,Cliente_795,Empresa,Centro,Santiago
796,Cliente_796,Empresa,Centro,Rancagua
797,Cliente_797,Empresa,Sur,PuertoMontt
798,Cliente_798,Empresa,Sur,PuertoMontt
799,Cliente_799,Retail,Norte,Antofagasta
800,Cliente_800,Retail,Centro,Valparaiso
801,Cliente_801,Empresa,Centro,Valparaiso
802,Cliente_802,Empresa,Centro,Valparaiso
803,Cliente_803,Retail,Centro,Rancagua
804,Cliente_804,Empresa,Norte,Arica
805,Cliente_805,Empresa,Sur,Temuco
806,Cliente_806,Retail,Sur,Concepcion
807,Cliente_807,Empresa,Centro,Rancagua
808,Cliente_808,Empresa,Sur,PuertoMontt
809,Cliente_809,Retail,Centro,Santiago
810,Cliente_810,Retail,Norte,Arica
811,Cliente_811,Retail,Norte,Antofagasta
812,Cliente_812,Retail,Centro,Rancagua
813,Cliente_813,Empresa,Sur,PuertoMontt
814,Cliente_814,Empresa,Centro,Rancagua
815,Cliente_815,Retail,Centro,Valparaiso
816,Cliente_816,Empresa,Norte,Iquique
817,Cliente_817,Empresa,Sur,Concepcion
818,Cliente_818,Empresa,Norte,Arica
819,Cliente_819,Retail,Norte,Iquique
820,Cliente_820,Retail,Centro,Rancagua
821,Cliente_821,Empresa,Centro,Valparaiso
822,Cliente_822,Retail,Sur,Concepcion
823,Cliente_823,Empresa,Norte,Arica
824,Cliente_824,Retail,Norte,Arica
825,Cliente_825,Empresa,Centro,Valparaiso
826,Cliente_826,Retail,Centro,Valparaiso
827,Cliente_827,Empresa,Norte,Arica
828,Cliente_828,Empresa,Sur,Temuco
829,Cliente_829,Empresa,Norte,Antofagasta
830,Cliente_830,Retail,Centro,Rancagua
831,Cliente_831,Empresa,Sur,PuertoMontt
832,Cliente_832,Retail,Sur,Concepcion
833,Cliente_833,Empresa,Centro,Santiago
834,Cliente_834,Empresa,Centro,Valparaiso
835,Cliente_835,Empresa,Centro,Rancagua
836,Cliente_836,Retail,Sur,Concepcion
837,Cliente_837,Empresa,Centro,Rancagua
838,Cliente_838,Retail,Centro,Valparaiso
839,Cliente_839,Empresa,Norte,Iquique
840,Cliente_840,Retail,Centro,Valparaiso
841,Cliente_841,Empresa,Norte,Iquique
842,Cliente_842,Empresa,Norte,Arica
843,Cliente_843,Retail,Centro,Santiago
844,Cliente_844,Retail,Centro,Rancagua
845,Cliente_845,Empresa,Sur,Temuco
846,Cliente_846,Empresa,Norte,Arica
847,Cliente_847,Empresa,Centro,Rancagua
848,Cliente_848,Empresa,Sur,PuertoMontt
849,Cliente_849,Retail,Norte,Iquique
850,Cliente_850,Retail,Centro,Santiago
851,Cliente_851,Retail,Norte,Iquique
852,Cliente_852,Empresa,Centro,Rancagua
853,Cliente_853,Retail,Norte,Antofagasta
854,Cliente_854,Empresa,Sur,Concepcion
855,Cliente_855,Empresa,Centro,Santiago
856,Cliente_856,Empresa,Norte,Antofagasta
857,Cliente_857,Retail,Sur,Concepcion
858,Cliente_858,Retail,Norte,Iquique
859,Cliente_859,Empresa,Centro,Santiago
860,Cliente_860,Retail,Sur,Temuco
861,Cliente_861,Retail,Sur,PuertoMontt
862,Cliente_862,Retail,Sur,PuertoMontt
863,Cliente_863,Retail,Sur,Concepcion
864,Cliente_864,Retail,Norte,Iquique
865,Cliente_865,Empresa,Sur,PuertoMontt
866,Cliente_866,Empresa,Norte,Arica
867,Cliente_867,Empresa,Sur,Temuco
868,Cliente_868,Empresa,Sur,Concepcion
869,Cliente_869,Empresa,Sur,PuertoMontt
870,Cliente_870,Empresa,Centro,Santiago
871,Cliente_871,Empresa,Norte,Iquique
872,Cliente_872,Retail,Sur,PuertoMontt
873,Cliente_873,Retail,Centro,Valparaiso
874,Cliente_874,Retail,Norte,Antofagasta
875,Cliente_875,Empresa,Sur,PuertoMontt
876,Cliente_876,Retail,Sur,Temuco
877,Cliente_877,Empresa,Centro,Rancagua
878,Cliente_878,Retail,Centro,Rancagua
879,Cliente_879,Retail,Centro,Santiago
880,Cliente_880,Retail,Norte,Antofagasta
881,Cliente_881,Empresa,Norte,Iquique
882,Cliente_882,Empresa,Centro,Rancagua
883,Cliente_883,Empresa,Sur,Temuco
884,Cliente_884,Retail,Centro,Valparaiso
885,Cliente_885,Empresa,Centro,Valparaiso
886,Cliente_886,Retail,Norte,Antofagasta
887,Cliente_887,Retail,Norte,Antofagasta
888,Cliente_888,Empresa,Norte,Antofagasta
889,Cliente_889,Empresa,Norte,Antofagasta
890,Cliente_890,Retail,Norte,Antofagasta
891,Cliente_891,Retail,Sur,PuertoMontt
892,Cliente_892,Empresa,Centro,Valparaiso
893,Cliente_893,Retail,Norte,Antofagasta
894,Cliente_894,Empresa,Centro,Santiago
895,Cliente_895,Retail,Sur,Concepcion
896,Cliente_896,Empresa,Sur,Temuco
897,Cliente_897,Retail,Norte,Arica
898,Cliente_898,Empresa,Centro,Valparaiso
899,Cliente_899,Retail,Centro,Santiago
900,Cliente_900,Empresa,Sur,Temuco
901,Cliente_901,Empresa,Norte,Arica
902,Cliente_902,Retail,Norte,Arica
903,Cliente_903,Retail,Norte,Arica
904,Cliente_904,Empresa,Sur,Concepcion
905,Cliente_905,Empresa,Norte,Iquique
906,Cliente_906,Retail,Centro,Valparaiso
907,Cliente_907,Retail,Norte,Antofagasta
908,Cliente_908,Retail,Norte,Arica
909,Cliente_909,Retail,Sur,Temuco
910,Cliente_910,Empresa,Centro,Santiago
911,Cliente_911,Empresa,Norte,Arica
912,Cliente_912,Empresa,Sur,Temuco
913,Cliente_913,Empresa,Norte,Antofagasta
914,Cliente_914,Retail,Norte,Iquique
915,Cliente_915,Empresa,Norte,Antofagasta
916,Cliente_916,Empresa,Norte,Iquique
917,Cliente_917,Empresa,Sur,PuertoMontt
918,Cliente_918,Retail,Norte,Iquique
919,Cliente_919,Empresa,Centro,Valparaiso
920,Cliente_920,Retail,Sur,Concepcion
921,Cliente_921,Retail,Sur,Temuco
922,Cliente_922,Empresa,Centro,Rancagua
923,Cliente_923,Empresa,Sur,Concepcion
924,Cliente_924,Empresa,Norte,Arica
925,Cliente_925,Empresa,Sur,Temuco
926,Cliente_926,Empresa,Norte,Antofagasta
927,Cliente_927,Retail,Sur,Temuco
928,Cliente_928,Retail,Centro,Rancagua
929,Cliente_929,Retail,Centro,Valparaiso
930,Cliente_930,Retail,Sur,Concepcion
931,Cliente_931,Retail,Norte,Arica
932,Cliente_932,Retail,Sur,PuertoMontt
933,Cliente_933,Retail,Norte,Arica
934,Cliente_934,Empresa,Sur,PuertoMontt
935,Cliente_935,Empresa,Centro,Rancagua
936,Cliente_936,Retail,Centro,Valparaiso
937,Cliente_937,Retail,Centro,Rancagua
938,Cliente_938,Retail,Norte,Arica
939,Cliente_939,Retail,Sur,PuertoMontt
940,Cliente_940,Retail,Centro,Rancagua
941,Cliente_941,Empresa,Centro,Santiago
942,Cliente_942,Empresa,Sur,Concepcion
943,Cliente_943,Retail,Norte,Iquique
944,Cliente_944,Empresa,Norte,Arica
945,Cliente_945,Empresa,Sur,Concepcion
946,Cliente_946,Empresa,Norte,Antofagasta
947,Cliente_947,Retail,Sur,Concepcion
948,Cliente_948,Retail,Norte,Arica
949,Cliente_949,Retail,Sur,PuertoMontt
950,Cliente_950,Retail,Sur,PuertoMontt
951,Cliente_951,Retail,Centro,Valparaiso
952,Cliente_952,Empresa,Norte,Iquique
953,Cliente_953,Retail,Norte,Antofagasta
954,Cliente_954,Retail,Sur,Temuco
955,Cliente_955,Retail,Sur,Temuco
956,Cliente_956,Retail,Centro,Rancagua
957,Cliente_957,Empresa,Sur,Concepcion
958,Cliente_958,Retail,Centro,Valparaiso
959,Cliente_959,Retail,Sur,PuertoMontt
960,Cliente_960,Retail,Norte,Arica
961,Cliente_961,Retail,Sur,Temuco
962,Cliente_962,Empresa,Centro,Valparaiso
963,Cliente_963,Empresa,Norte,Iquique
964,Cliente_964,Empresa,Norte,Iquique
965,Cliente_965,Empresa,Sur,PuertoMontt
966,Cliente_966,Empresa,Sur,Concepcion
967,Cliente_967,Empresa,Norte,Antofagasta
968,Cliente_968,Empresa,Centro,Santiago
969,Cliente_969,Empresa,Sur,PuertoMontt
970,Cliente_970,Retail,Norte,Iquique
971,Cliente_971,Retail,Norte,Antofagasta
972,Cliente_972,Empresa,Norte,Antofagasta
973,Cliente_973,Empresa,Sur,Concepcion
974,Cliente_974,Retail,Norte,Antofagasta
975,Cliente_975,Empresa,Norte,Iquique
976,Cliente_976,Empresa,Sur,PuertoMontt
977,Cliente_977,Empresa,Norte,Iquique
978,Cliente_978,Retail,Centro,Rancagua
979,Cliente_979,Retail,Sur,Temuco
980,Cliente_980,Empresa,Norte,Iquique
981,Cliente_981,Retail,Sur,PuertoMontt
982,Cliente_982,Empresa,Sur,PuertoMontt
983,Cliente_983,Empresa,Centro,Rancagua
984,Cliente_984,Retail,Centro,Valparaiso
985,Cliente_985,Retail,Centro,Valparaiso
986,Cliente_986,Retail,Centro,Rancagua
987,Cliente_987,Retail,Norte,Arica
988,Cliente_988,Retail,Norte,Antofagasta
989,Cliente_989,Empresa,Norte,Iquique
990,Cliente_990,Empresa,Sur,Temuco
991,Cliente_991,Empresa,Sur,Concepcion
992,Cliente_992,Retail,Centro,Santiago
993,Cliente_993,Retail,Centro,Valparaiso
994,Cliente_994,Retail,Centro,Santiago
995,Cliente_995,Empresa,Centro,Valparaiso
996,Cliente_996,Retail,Sur,Concepcion
997,Cliente_997,Empresa,Sur,Temuco
998,Cliente_998,Empresa,Centro,Santiago
999,Cliente_999,Empresa,Norte,Arica
1000,Cliente_1000,Retail,Sur,Temuco
1001,Cliente_1001,Retail,Sur,Temuco
1002,Cliente_1002,Empresa,Centro,Santiago
1003,Cliente_1003,Retail,Sur,Temuco
1004,Cliente_1004,Retail,Sur,Temuco
1005,Cliente_1005,Empresa,Sur,Temuco
1006,Cliente_1006,Empresa,Centro,Valparaiso
1007,Cliente_1007,Empresa,Sur,PuertoMontt
1008,Cliente_1008,Retail,Sur,Concepcion
1009,Cliente_1009,Retail,Centro,Santiago
1010,Cliente_1010,Retail,Sur,Temuco
1011,Cliente_1011,Retail,Centro,Valparaiso
1012,Cliente_1012,Empresa,Sur,PuertoMontt
1013,Cliente_1013,Empresa,Centro,Valparaiso
1014,Cliente_1014,Empresa,Centro,Rancagua
1015,Cliente_1015,Retail,Norte,Antofagasta
1016,Cliente_1016,Retail,Centro,Valparaiso
1017,Cliente_1017,Empresa,Sur,Temuco
1018,Cliente_1018,Retail,Sur,Concepcion
1019,Cliente_1019,Empresa,Norte,Iquique
1020,Cliente_1020,Empresa,Norte,Antofagasta
1021,Cliente_1021,Empresa,Norte,Arica
1022,Cliente_1022,Empresa,Norte,Iquique
1023,Cliente_1023,Empresa,Norte,Antofagasta
1024,Cliente_1024,Retail,Centro,Valparaiso
1025,Cliente_1025,Retail,Centro,Rancagua
1026,Cliente_1026,Empresa,Norte,Arica
1027,Cliente_1027,Empresa,Norte,Arica
1028,Cliente_1028,Retail,Sur,PuertoMontt
1029,Cliente_1029,Empresa,Sur,PuertoMontt
1030,Cliente_1030,Empresa,Sur,Temuco
1031,Cliente_1031,Retail,Norte,Antofagasta
1032,Cliente_1032,Retail,Sur,PuertoMontt
1033,Cliente_1033,Retail,Sur,Concepcion
1034,Cliente_1034,Retail,Norte,Iquique
1035,Cliente_1035,Empresa,Norte,Antofagasta
1036,Cliente_1036,Empresa,Sur,PuertoMontt
1037,Cliente_1037,Retail,Sur,Temuco
1038,Cliente_1038,Empresa,Centro,Valparaiso
1039,Cliente_1039,Retail,Sur,PuertoMontt
1040,Cliente_1040,Retail,Norte,Antofagasta
1041,Cliente_1041,Retail,Sur,Concepcion
1042,Cliente_1042,Empresa,Centro,Santiago
1043,Cliente_1043,Retail,Norte,Arica
1044,Cliente_1044,Empresa,Sur,Temuco
1045,Cliente_1045,Empresa,Norte,Arica
1046,Cliente_1046,Empresa,Centro,Santiago
1047,Cliente_1047,Empresa,Sur,Temuco
1048,Cliente_1048,Empresa,Norte,Arica
1049,Cliente_1049,Retail,Norte,Antofagasta
1050,Cliente_1050,Empresa,Sur,PuertoMontt
1051,Cliente_1051,Retail,Sur,Temuco
1052,Cliente_1052,Empresa,Centro,Rancagua
1053,Cliente_1053,Empresa,Norte,Arica
1054,Cliente_1054,Retail,Norte,Antofagasta
1055,Cliente_1055,Empresa,Norte,Iquique
1056,Cliente_1056,Empresa,Sur,PuertoMontt
1057,Cliente_1057,Retail,Centro,Santiago
1058,Cliente_1058,Empresa,Norte,Arica
1059,Cliente_1059,Empresa,Norte,Antofagasta
1060,Cliente_1060,Empresa,Sur,PuertoMontt
1061,Cliente_1061,Empresa,Norte,Arica
1062,Cliente_1062,Empresa,Centro,Valparaiso
1063,Cliente_1063,Empresa,Norte,Arica
1064,Cliente_1064,Empresa,Sur,PuertoMontt
1065,Cliente_1065,Retail,Sur,PuertoMontt
1066,Cliente_1066,Empresa,Centro,Rancagua
1067,Cliente_1067,Empresa,Sur,PuertoMontt
1068,Cliente_1068,Empresa,Norte,Antofagasta
1069,Cliente_1069,Empresa,Sur,PuertoMontt
1070,Cliente_1070,Empresa,Norte,Iquique
1071,Cliente_1071,Retail,Centro,Rancagua
1072,Cliente_1072,Retail,Centro,Valparaiso
1073,Cliente_1073,Retail,Centro,Rancagua
1074,Cliente_1074,Retail,Norte,Iquique
1075,Cliente_1075,Empresa,Sur,Concepcion
1076,Cliente_1076,Retail,Norte,Antofagasta
1077,Cliente_1077,Retail,Norte,Antofagasta
1078,Cliente_1078,Empresa,Norte,Arica
1079,Cliente_1079,Retail,Sur,Concepcion
1080,Cliente_1080,Empresa,Norte,Iquique
1081,Cliente_1081,Empresa,Sur,Concepcion
1082,Cliente_1082,Retail,Centro,Santiago
1083,Cliente_1083,Empresa,Norte,Arica
1084,Cliente_1084,Empresa,Sur,Temuco
1085,Cliente_1085,Empresa,Norte,Iquique
1086,Cliente_1086,Empresa,Sur,Concepcion
1087,Cliente_1087,Retail,Norte,Iquique
1088,Cliente_1088,Empresa,Sur,PuertoMontt
1089,Cliente_1089,Retail,Sur,Concepcion
1090,Cliente_1090,Empresa,Centro,Valparaiso
1091,Cliente_1091,Empresa,Norte,Antofagasta
1092,Cliente_1092,Retail,Norte,Iquique
1093,Cliente_1093,Empresa,Norte,Antofagasta
1094,Cliente_1094,Empresa,Sur,PuertoMontt
1095,Cliente_1095,Retail,Sur,PuertoMontt
1096,Cliente_1096,Empresa,Centro,Valparaiso
1097,Cliente_1097,Retail,Sur,Temuco
1098,Cliente_1098,Empresa,Norte,Iquique
1099,Cliente_1099,Empresa,Centro,Santiago
1100,Cliente_1100,Empresa,Norte,Arica
1101,Cliente_1101,Empresa,Centro,Rancagua
1102,Cliente_1102,Empresa,Sur,Temuco
1103,Cliente_1103,Empresa,Norte,Iquique
1104,Cliente_1104,Empresa,Centro,Valparaiso
1105,Cliente_1105,Retail,Sur,Temuco
1106,Cliente_1106,Empresa,Centro,Santiago
1107,Cliente_1107,Retail,Sur,Temuco
1108,Cliente_1108,Empresa,Norte,Arica
1109,Cliente_1109,Empresa,Sur,Temuco
1110,Cliente_1110,Empresa,Centro,Valparaiso
1111,Cliente_1111,Empresa,Norte,Antofagasta
1112,Cliente_1112,Retail,Norte,Arica
1113,Cliente_1113,Empresa,Norte,Arica
1114,Cliente_1114,Empresa,Norte,Antofagasta
1115,Cliente_1115,Retail,Centro,Valparaiso
1116,Cliente_1116,Empresa,Sur,PuertoMontt
1117,Cliente_1117,Empresa,Centro,Valparaiso
1118,Cliente_1118,Empresa,Norte,Antofagasta
1119,Cliente_1119,Retail,Centro,Valparaiso
1120,Cliente_1120,Retail,Norte,Iquique
1121,Cliente_1121,Empresa,Sur,Concepcion
1122,Cliente_1122,Retail,Norte,Antofagasta
1123,Cliente_1123,Empresa,Sur,PuertoMontt
1124,Cliente_1124,Empresa,Norte,Antofagasta
1125,Cliente_1125,Empresa,Norte,Iquique
1126,Cliente_1126,Empresa,Norte,Antofagasta
1127,Cliente_1127,Retail,Sur,Temuco
1128,Cliente_1128,Empresa,Sur,PuertoMontt
1129,Cliente_1129,Retail,Centro,Rancagua
1130,Cliente_1130,Empresa,Sur,Concepcion
1131,Cliente_1131,Empresa,Norte,Arica
1132,Cliente_1132,Empresa,Sur,Concepcion
1133,Cliente_1133,Retail,Norte,Iquique
1134,Cliente_1134,Retail,Norte,Antofagasta
1135,Cliente_1135,Retail,Norte,Arica
1136,Cliente_1136,Retail,Centro,Santiago
1137,Cliente_1137,Empresa,Norte,Iquique
1138,Cliente_1138,Empresa,Sur,Temuco
1139,Cliente_1139,Retail,Sur,Temuco
1140,Cliente_1140,Retail,Norte,Iquique
1141,Cliente_1141,Empresa,Norte,Iquique
1142,Cliente_1142,Retail,Norte,Antofagasta
1143,Cliente_1143,Empresa,Sur,Concepcion
1144,Cliente_1144,Retail,Centro,Valparaiso
1145,Cliente_1145,Retail,Norte,Arica
1146,Cliente_1146,Empresa,Norte,Iquique
1147,Cliente_1147,Empresa,Centro,Valparaiso
1148,Cliente_1148,Empresa,Centro,Valparaiso
1149,Cliente_1149,Retail,Norte,Arica
1150,Cliente_1150,Retail,Centro,Rancagua
1151,Cliente_1151,Empresa,Centro,Santiago
1152,Cliente_1152,Empresa,Sur,Temuco
1153,Cliente_1153,Retail,Centro,Valparaiso
1154,Cliente_1154,Retail,Centro,Rancagua
1155,Cliente_1155,Empresa,Sur,PuertoMontt
1156,Cliente_1156,Retail,Norte,Iquique
1157,Cliente_1157,Empresa,Centro,Valparaiso
1158,Cliente_1158,Empresa,Norte,Antofagasta
1159,Cliente_1159,Retail,Sur,PuertoMontt
1160,Cliente_1160,Empresa,Norte,Arica
1161,Cliente_1161,Empresa,Norte,Antofagasta
1162,Cliente_1162,Empresa,Centro,Santiago
1163,Cliente_1163,Empresa,Centro,Rancagua
1164,Cliente_1164,Retail,Centro,Santiago
1165,Cliente_1165,Empresa,Norte,Antofagasta
1166,Cliente_1166,Retail,Sur,PuertoMontt
1167,Cliente_1167,Retail,Norte,Iquique
1168,Cliente_1168,Retail,Centro,Santiago
1169,Cliente_1169,Empresa,Centro,Valparaiso
1170,Cliente_1170,Retail,Norte,Arica
1171,Cliente_1171,Retail,Sur,PuertoMontt
1172,Cliente_1172,Empresa,Sur,PuertoMontt
1173,Cliente_1173,Empresa,Centro,Valparaiso
1174,Cliente_1174,Retail,Sur,Temuco
1175,Cliente_1175,Retail,Sur,Concepcion
1176,Cliente_1176,Empresa,Sur,PuertoMontt
1177,Cliente_1177,Retail,Centro,Valparaiso
1178,Cliente_1178,Retail,Sur,Concepcion
1179,Cliente_1179,Retail,Sur,Temuco
1180,Cliente_1180,Retail,Norte,Antofagasta
1181,Cliente_1181,Empresa,Norte,Antofagasta
1182,Cliente_1182,Empresa,Sur,PuertoMontt
1183,Cliente_1183,Retail,Centro,Santiago
1184,Cliente_1184,Empresa,Norte,Antofagasta
1185,Cliente_1185,Retail,Centro,Valparaiso
1186,Cliente_1186,Retail,Centro,Santiago
1187,Cliente_1187,Empresa,Sur,Concepcion
1188,Cliente_1188,Empresa,Norte,Antofagasta
1189,Cliente_1189,Retail,Norte,Antofagasta
1190,Cliente_1190,Retail,Norte,Iquique
1191,Cliente_1191,Empresa,Norte,Iquique
1192,Cliente_1192,Empresa,Centro,Valparaiso
1193,Cliente_1193,Retail,Centro,Valparaiso
1194,Cliente_1194,Retail,Sur,Concepcion
1195,Cliente_1195,Retail,Centro,Valparaiso
1196,Cliente_1196,Retail,Sur,Temuco
1197,Cliente_1197,Empresa,Sur,PuertoMontt
1198,Cliente_1198,Retail,Sur,PuertoMontt
1199,Cliente_1199,Empresa,Norte,Antofagasta
1200,Cliente_1200,Empresa,Sur,Concepcion
1201,Cliente_1201,Retail,Centro,Rancagua
1202,Cliente_1202,Retail,Sur,Temuco
1203,Cliente_1203,Retail,Centro,Valparaiso
1204,Cliente_1204,Retail,Centro,Valparaiso
1205,Cliente_1205,Retail,Norte,Arica
1206,Cliente_1206,Empresa,Norte,Arica
1207,Cliente_1207,Empresa,Sur,Concepcion
1208,Cliente_1208,Empresa,Sur,PuertoMontt
1209,Cliente_1209,Retail,Norte,Antofagasta
1210,Cliente_1210,Empresa,Norte,Antofagasta
1211,Cliente_1211,Empresa,Norte,Iquique
1212,Cliente_1212,Empresa,Sur,PuertoMontt
1213,Cliente_1213,Empresa,Norte,Antofagasta
1214,Cliente_1214,Retail,Norte,Antofagasta
1215,Cliente_1215,Empresa,Centro,Santiago
1216,Cliente_1216,Retail,Norte,Arica
1217,Cliente_1217,Empresa,Centro,Valparaiso
1218,Cliente_1218,Empresa,Sur,Temuco
1219,Cliente_1219,Empresa,Norte,Iquique
1220,Cliente_1220,Empresa,Sur,PuertoMontt
1221,Cliente_1221,Empresa,Sur,PuertoMontt
1222,Cliente_1222,Retail,Sur,PuertoMontt
1223,Cliente_1223,Empresa,Centro,Rancagua
1224,Cliente_1224,Retail,Sur,PuertoMontt
1225,Cliente_1225,Empresa,Centro,Rancagua
1226,Cliente_1226,Empresa,Norte,Antofagasta
1227,Cliente_1227,Retail,Centro,Santiago
1228,Cliente_1228,Empresa,Sur,Temuco
1229,Cliente_1229,Retail,Sur,PuertoMontt
1230,Cliente_1230,Retail,Sur,Temuco
1231,Cliente_1231,Retail,Norte,Arica
1232,Cliente_1232,Retail,Norte,Antofagasta
1233,Cliente_1233,Retail,Sur,PuertoMontt
1234,Cliente_1234,Empresa,Centro,Rancagua
1235,Cliente_1235,Retail,Centro,Rancagua
1236,Cliente_1236,Retail,Centro,Santiago
1237,Cliente_1237,Empresa,Sur,Temuco
1238,Cliente_1238,Empresa,Norte,Iquique
1239,Cliente_1239,Retail,Sur,Temuco
1240,Cliente_1240,Retail,Centro,Valparaiso
1241,Cliente_1241,Retail,Norte,Antofagasta
1242,Cliente_1242,Empresa,Sur,Temuco
1243,Cliente_1243,Retail,Sur,PuertoMontt
1244,Cliente_1244,Retail,Sur,PuertoMontt
1245,Cliente_1245,Empresa,Sur,PuertoMontt
1246,Cliente_1246,Empresa,Sur,PuertoMontt
1247,Cliente_1247,Empresa,Norte,Antofagasta
1248,Cliente_1248,Retail,Sur,PuertoMontt
1249,Cliente_1249,Retail,Centro,Santiago
1250,Cliente_1250,Empresa,Sur,Temuco
1251,Cliente_1251,Retail,Centro,Rancagua
1252,Cliente_1252,Retail,Sur,Concepcion
1253,Cliente_1253,Retail,Norte,Arica
1254,Cliente_1254,Empresa,Norte,Iquique
1255,Cliente_1255,Retail,Centro,Santiago
1256,Cliente_1256,Empresa,Sur,Concepcion
1257,Cliente_1257,Empresa,Sur,PuertoMontt
1258,Cliente_1258,Retail,Norte,Arica
1259,Cliente_1259,Retail,Norte,Iquique
1260,Cliente_1260,Retail,Norte,Antofagasta
1261,Cliente_1261,Empresa,Centro,Rancagua
1262,Cliente_1262,Retail,Norte,Arica
1263,Cliente_1263,Retail,Centro,Rancagua
1264,Cliente_1264,Empresa,Centro,Valparaiso
1265,Cliente_1265,Empresa,Norte,Iquique
1266,Cliente_1266,Empresa,Norte,Arica
1267,Cliente_1267,Retail,Centro,Santiago
1268,Cliente_1268,Empresa,Norte,Arica
1269,Cliente_1269,Empresa,Norte,Arica
1270,Cliente_1270,Retail,Centro,Valparaiso
1271,Cliente_1271,Retail,Centro,Santiago
1272,Cliente_1272,Empresa,Centro,Santiago
1273,Cliente_1273,Retail,Sur,PuertoMontt
1274,Cliente_1274,Empresa,Norte,Iquique
1275,Cliente_1275,Empresa,Centro,Valparaiso
1276,Cliente_1276,Retail,Sur,PuertoMontt
1277,Cliente_1277,Retail,Sur,Concepcion
1278,Cliente_1278,Empresa,Sur,Temuco
1279,Cliente_1279,Retail,Norte,Antofagasta
1280,Cliente_1280,Empresa,Centro,Santiago
1281,Cliente_1281,Retail,Norte,Arica
1282,Cliente_1282,Empresa,Norte,Iquique
1283,Cliente_1283,Retail,Centro,Rancagua
1284,Cliente_1284,Retail,Centro,Valparaiso
1285,Cliente_1285,Empresa,Centro,Valparaiso
1286,Cliente_1286,Empresa,Norte,Antofagasta
1287,Cliente_1287,Empresa,Centro,Rancagua
1288,Cliente_1288,Retail,Sur,Temuco
1289,Cliente_1289,Retail,Centro,Rancagua
1290,Cliente_1290,Empresa,Centro,Rancagua
1291,Cliente_1291,Empresa,Norte,Arica
1292,Cliente_1292,Empresa,Norte,Arica
1293,Cliente_1293,Empresa,Sur,Temuco
1294,Cliente_1294,Retail,Centro,Rancagua
1295,Cliente_1295,Empresa,Centro,Santiago
1296,Cliente_1296,Empresa,Norte,Iquique
1297,Cliente_1297,Empresa,Sur,Temuco
1298,Cliente_1298,Retail,Norte,Arica
1299,Cliente_1299,Retail,Sur,PuertoMontt
1300,Cliente_1300,Retail,Sur,Concepcion
1301,Cliente_1301,Retail,Centro,Santiago
1302,Cliente_1302,Empresa,Norte,Iquique
1303,Cliente_1303,Retail,Norte,Arica
1304,Cliente_1304,Empresa,Sur,Temuco
1305,Cliente_1305,Retail,Sur,PuertoMontt
1306,Cliente_1306,Retail,Sur,Concepcion
1307,Cliente_1307,Retail,Sur,Temuco
1308,Cliente_1308,Empresa,Centro,Rancagua
1309,Cliente_1309,Retail,Sur,Concepcion
1310,Cliente_1310,Retail,Centro,Valparaiso
1311,Cliente_1311,Empresa,Centro,Santiago
1312,Cliente_1312,Retail,Centro,Rancagua
1313,Cliente_1313,Empresa,Norte,Arica
1314,Cliente_1314,Retail,Norte,Iquique
1315,Cliente_1315,Retail,Centro,Rancagua
1316,Cliente_1316,Retail,Centro,Valparaiso
1317,Cliente_1317,Retail,Sur,Concepcion
1318,Cliente_1318,Empresa,Sur,PuertoMontt
1319,Cliente_1319,Retail,Sur,PuertoMontt
1320,Cliente_1320,Empresa,Centro,Valparaiso
1321,Cliente_1321,Retail,Sur,Concepcion
1322,Cliente_1322,Retail,Norte,Iquique
1323,Cliente_1323,Empresa,Norte,Iquique
1324,Cliente_1324,Retail,Norte,Arica
1325,Cliente_1325,Retail,Sur,Temuco
1326,Cliente_1326,Empresa,Sur,Temuco
1327,Cliente_1327,Empresa,Centro,Santiago
1328,Cliente_1328,Retail,Norte,Antofagasta
1329,Cliente_1329,Empresa,Centro,Valparaiso
1330,Cliente_1330,Empresa,Norte,Iquique
1331,Cliente_1331,Empresa,Centro,Rancagua
1332,Cliente_1332,Empresa,Centro,Santiago
1333,Cliente_1333,Retail,Centro,Santiago
1334,Cliente_1334,Retail,Norte,Arica
1335,Cliente_1335,Retail,Centro,Valparaiso
1336,Cliente_1336,Empresa,Norte,Iquique
1337,Cliente_1337,Retail,Sur,Temuco
1338,Cliente_1338,Empresa,Centro,Santiago
1339,Cliente_1339,Retail,Norte,Antofagasta
1340,Cliente_1340,Empresa,Centro,Rancagua
1341,Cliente_1341,Retail,Centro,Santiago
1342,Cliente_1342,Empresa,Norte,Arica
1343,Cliente_1343,Empresa,Norte,Antofagasta
1344,Cliente_1344,Empresa,Sur,Temuco
1345,Cliente_1345,Retail,Sur,Temuco
1346,Cliente_1346,Empresa,Sur,PuertoMontt
1347,Cliente_1347,Retail,Norte,Iquique
1348,Cliente_1348,Empresa,Centro,Valparaiso
1349,Cliente_1349,Retail,Centro,Rancagua
1350,Cliente_1350,Empresa,Norte,Arica
1351,Cliente_1351,Empresa,Norte,Antofagasta
1352,Cliente_1352,Empresa,Centro,Valparaiso
1353,Cliente_1353,Empresa,Sur,Concepcion
1354,Cliente_1354,Retail,Norte,Antofagasta
1355,Cliente_1355,Empresa,Centro,Santiago
1356,Cliente_1356,Retail,Sur,Temuco
1357,Cliente_1357,Retail,Centro,Valparaiso
1358,Cliente_1358,Retail,Sur,Concepcion
1359,Cliente_1359,Retail,Norte,Antofagasta
1360,Cliente_1360,Retail,Sur,Temuco
1361,Cliente_1361,Retail,Centro,Santiago
1362,Cliente_1362,Retail,Centro,Valparaiso
1363,Cliente_1363,Empresa,Sur,PuertoMontt
1364,Cliente_1364,Empresa,Norte,Iquique
1365,Cliente_1365,Retail,Sur,Concepcion
1366,Cliente_1366,Empresa,Norte,Arica
1367,Cliente_1367,Empresa,Norte,Antofagasta
1368,Cliente_1368,Empresa,Norte,Iquique
1369,Cliente_1369,Empresa,Centro,Santiago
1370,Cliente_1370,Retail,Sur,PuertoMontt
1371,Cliente_1371,Empresa,Norte,Iquique
1372,Cliente_1372,Retail,Centro,Valparaiso
1373,Cliente_1373,Retail,Centro,Rancagua
1374,Cliente_1374,Empresa,Centro,Santiago
1375,Cliente_1375,Retail,Sur,Concepcion
1376,Cliente_1376,Retail,Norte,Arica
1377,Cliente_1377,Empresa,Sur,Temuco
1378,Cliente_1378,Retail,Norte,Iquique
1379,Cliente_1379,Retail,Sur,Temuco
1380,Cliente_1380,Retail,Centro,Valparaiso
1381,Cliente_1381,Retail,Norte,Antofagasta
1382,Cliente_1382,Retail,Centro,Valparaiso
1383,Cliente_1383,Retail,Sur,Concepcion
1384,Cliente_1384,Empresa,Norte,Antofagasta
1385,Cliente_1385,Retail,Centro,Rancagua
1386,Cliente_1386,Retail,Centro,Valparaiso
1387,Cliente_1387,Empresa,Centro,Valparaiso
1388,Cliente_1388,Empresa,Norte,Iquique
1389,Cliente_1389,Empresa,Norte,Iquique
1390,Cliente_1390,Empresa,Norte,Antofagasta
1391,Cliente_1391,Empresa,Sur,PuertoMontt
1392,Cliente_1392,Empresa,Centro,Valparaiso
1393,Cliente_1393,Empresa,Sur,PuertoMontt
1394,Cliente_1394,Empresa,Centro,Valparaiso
1395,Cliente_1395,Retail,Norte,Antofagasta
1396,Cliente_1396,Retail,Norte,Antofagasta
1397,Cliente_1397,Empresa,Centro,Santiago
1398,Cliente_1398,Retail,Sur,PuertoMontt
1399,Cliente_1399,Retail,Sur,Temuco
1400,Cliente_1400,Empresa,Norte,Iquique
1401,Cliente_1401,Empresa,Centro,Santiago
1402,Cliente_1402,Empresa,Centro,Santiago
1403,Cliente_1403,Empresa,Centro,Santiago
1404,Cliente_1404,Empresa,Sur,Concepcion
1405,Cliente_1405,Retail,Centro,Santiago
1406,Cliente_1406,Empresa,Sur,Temuco
1407,Cliente_1407,Empresa,Centro,Valparaiso
1408,Cliente_1408,Retail,Sur,PuertoMontt
1409,Cliente_1409,Retail,Centro,Santiago
1410,Cliente_1410,Empresa,Centro,Rancagua
1411,Cliente_1411,Retail,Norte,Iquique
1412,Cliente_1412,Empresa,Centro,Rancagua
1413,Cliente_1413,Empresa,Norte,Arica
1414,Cliente_1414,Retail,Sur,PuertoMontt
1415,Cliente_1415,Empresa,Sur,Concepcion
1416,Cliente_1416,Empresa,Sur,Temuco
1417,Cliente_1417,Empresa,Norte,Arica
1418,Cliente_1418,Retail,Sur,Concepcion
1419,Cliente_1419,Empresa,Norte,Arica
1420,Cliente_1420,Empresa,Norte,Iquique
1421,Cliente_1421,Retail,Norte,Arica
1422,Cliente_1422,Empresa,Sur,PuertoMontt
1423,Cliente_1423,Empresa,Norte,Antofagasta
1424,Cliente_1424,Empresa,Sur,Concepcion
1425,Cliente_1425,Empresa,Norte,Antofagasta
1426,Cliente_1426,Retail,Norte,Arica
1427,Cliente_1427,Empresa,Sur,Concepcion
1428,Cliente_1428,Empresa,Norte,Iquique
1429,Cliente_1429,Empresa,Sur,Concepcion
1430,Cliente_1430,Retail,Sur,Concepcion
1431,Cliente_1431,Empresa,Centro,Rancagua
1432,Cliente_1432,Retail,Centro,Santiago
1433,Cliente_1433,Retail,Centro,Rancagua
1434,Cliente_1434,Retail,Centro,Rancagua
1435,Cliente_1435,Retail,Centro,Valparaiso
1436,Cliente_1436,Empresa,Sur,Concepcion
1437,Cliente_1437,Empresa,Norte,Arica
1438,Cliente_1438,Empresa,Norte,Antofagasta
1439,Cliente_1439,Retail,Centro,Valparaiso
1440,Cliente_1440,Empresa,Sur,PuertoMontt
1441,Cliente_1441,Retail,Centro,Santiago
1442,Cliente_1442,Retail,Centro,Santiago
1443,Cliente_1443,Retail,Centro,Valparaiso
1444,Cliente_1444,Retail,Sur,Concepcion
1445,Cliente_1445,Empresa,Centro,Santiago
1446,Cliente_1446,Empresa,Norte,Arica
1447,Cliente_1447,Empresa,Centro,Valparaiso
1448,Cliente_1448,Empresa,Centro,Santiago
1449,Cliente_1449,Empresa,Centro,Rancagua
1450,Cliente_1450,Empresa,Centro,Santiago
1451,Cliente_1451,Empresa,Centro,Valparaiso
1452,Cliente_1452,Retail,Norte,Arica
1453,Cliente_1453,Retail,Centro,Santiago
1454,Cliente_1454,Retail,Norte,Arica
1455,Cliente_1455,Empresa,Centro,Valparaiso
1456,Cliente_1456,Empresa,Norte,Antofagasta
1457,Cliente_1457,Retail,Sur,Temuco
1458,Cliente_1458,Empresa,Centro,Rancagua
1459,Cliente_1459,Empresa,Sur,PuertoMontt
1460,Cliente_1460,Retail,Norte,Arica
1461,Cliente_1461,Empresa,Centro,Santiago
1462,Cliente_1462,Empresa,Norte,Arica
1463,Cliente_1463,Retail,Norte,Arica
1464,Cliente_1464,Retail,Sur,PuertoMontt
1465,Cliente_1465,Retail,Centro,Valparaiso
1466,Cliente_1466,Empresa,Centro,Santiago
1467,Cliente_1467,Empresa,Norte,Iquique
1468,Cliente_1468,Empresa,Centro,Valparaiso
1469,Cliente_1469,Empresa,Centro,Rancagua
1470,Cliente_1470,Retail,Norte,Iquique
1471,Cliente_1471,Retail,Norte,Arica
1472,Cliente_1472,Empresa,Centro,Santiago
1473,Cliente_1473,Empresa,Centro,Valparaiso
1474,Cliente_1474,Retail,Sur,Temuco
1475,Cliente_1475,Retail,Sur,Temuco
1476,Cliente_1476,Empresa,Norte,Antofagasta
1477,Cliente_1477,Empresa,Sur,Temuco
1478,Cliente_1478,Empresa,Centro,Rancagua
1479,Cliente_1479,Retail,Sur,Concepcion
1480,Cliente_1480,Empresa,Norte,Antofagasta
1481,Cliente_1481,Retail,Norte,Arica
1482,Cliente_1482,Retail,Centro,Valparaiso
1483,Cliente_1483,Retail,Norte,Iquique
1484,Cliente_1484,Retail,Centro,Valparaiso
1485,Cliente_1485,Empresa,Centro,Santiago
1486,Cliente_1486,Empresa,Norte,Arica
1487,Cliente_1487,Empresa,Sur,Concepcion
1488,Cliente_1488,Empresa,Sur,PuertoMontt
1489,Cliente_1489,Retail,Norte,Arica
1490,Cliente_1490,Retail,Sur,PuertoMontt
1491,Cliente_1491,Empresa,Norte,Arica
1492,Cliente_1492,Retail,Norte,Arica
1493,Cliente_1493,Retail,Norte,Iquique
1494,Cliente_1494,Empresa,Norte,Arica
1495,Cliente_1495,Empresa,Norte,Iquique
1496,Cliente_1496,Retail,Norte,Arica
1497,Cliente_1497,Retail,Norte,Iquique
1498,Cliente_1498,Empresa,Centro,Santiago
1499,Cliente_1499,Empresa,Sur,Temuco
1500,Cliente_1500,Retail,Centro,Rancagua
